,date,number of rooms,security level of the community,residence space,building space,noise level,waterfront,view,air quality level,aboveground space ,basement space,building year,decoration year,district,city,zip code,region,exchange rate,unit price of residence space,unit price of building space,total cost,predict
3600,2014/7/3 0:00,4,1.75,2080,7200,1.0,0,0,4,1050,1030,1966,0,4114 S 294th St,Auburn,WA 98001,USA,6.804723251,12.90666772,0.312717673,198000,[0]
3601,2014/7/3 0:00,4,1.0,1200,6000,1.5,0,0,3,1200,0,1923,1998,7943 13th Ave SW,Seattle,WA 98106,USA,7.380569536,23.38261656,0.291476311,220000,[1]
3602,2014/7/3 0:00,3,1.75,1570,8750,1.0,0,0,3,1570,0,1960,2012,17820 1st Avenue South,Burien,WA 98148,USA,7.341742551,19.31497943,0.270316487,240000,[0]
3603,2014/7/3 0:00,3,1.75,1770,8868,1.0,0,0,4,1770,0,1959,0,1201-1215 O St NE,Auburn,WA 98002,USA,7.80152998,13.27492008,0.963958936,250000,[0]
3604,2014/7/3 0:00,2,1.5,920,1598,2.0,0,0,3,920,0,1995,0,10740 Stone Ave N,Seattle,WA 98133,USA,7.202703814,37.53988895,0.542349067,255000,[1]
3605,2014/7/3 0:00,4,2.25,2060,11385,1.0,0,0,4,1200,860,1962,0,2152 SW 323rd St,Federal Way,WA 98023,USA,7.361126243,14.43902028,0.543488786,264500,[1]
3606,2014/7/3 0:00,3,1.0,1020,8610,1.0,0,0,5,1020,0,1959,0,3704 NE 9th Ct,Renton,WA 98056,USA,6.14968559,33.99185403,0.977925991,265000,[0]
3607,2014/7/3 0:00,3,1.0,1740,10875,1.0,0,0,4,1020,720,1962,0,4035 S 150th St,Tukwila,WA 98188,USA,6.027434957,21.60522335,0.61649302,267000,[1]
3608,2014/7/3 0:00,4,2.5,1890,6962,2.0,0,0,3,1890,0,1997,0,30021 114th Way SE,Auburn,WA 98092,USA,7.415560724,17.29383641,0.738367473,280500,[1]
3609,2014/7/3 0:00,5,2.5,2270,6300,2.0,0,0,3,2270,0,1995,0,12840 SE 307th Pl,Auburn,WA 98092,USA,6.99020395,17.51519593,0.160610768,285000,[1]
3610,2014/7/3 0:00,2,1.0,870,4600,1.0,0,0,4,870,0,1942,1982,8506 37th Ave SW,Seattle,WA 98126,USA,6.477694367,49.22083705,0.353424322,287920,[1]
3611,2014/7/3 0:00,3,2.5,1520,3593,2.0,0,0,3,1520,0,2004,2003,22412 SE 243rd St,Maple Valley,WA 98038,USA,6.482804012,28.16867449,0.447769449,288000,[1]
3612,2014/7/3 0:00,3,1.0,1440,11250,1.0,0,0,3,1440,0,1967,2011,1901 Shattuck Ave S,Renton,WA 98055,USA,7.386823483,26.41656978,0.108376343,290000,[0]
3613,2014/7/3 0:00,2,1.0,1190,6200,1.0,0,0,3,1190,0,1948,1994,1610 N 185th St,Shoreline,WA 98133,USA,7.655415683,31.01970828,0.281524801,295950,[1]
3614,2014/7/3 0:00,4,1.75,2600,11325,1.0,0,0,4,1610,990,1969,0,23030 100th Ave SE,Kent,WA 98031,USA,6.880054068,15.38741249,0.380506819,304900,[1]
3615,2014/7/3 0:00,3,1.75,1830,7969,1.0,0,0,3,930,900,1950,2008,306 S 15th St,Renton,WA 98055,USA,7.132202177,22.7455677,0.274936663,312500,[1]
3616,2014/7/3 0:00,8,2.75,2790,6695,1.0,0,0,3,1470,1320,1977,2004,17512 Corliss Ave N,Shoreline,WA 98133,USA,6.802947041,16.79210311,0.467269945,340000,[1]
3617,2014/7/3 0:00,3,1.0,1390,4814,1.5,0,0,3,1390,0,1908,1988,8116 8th Ave NE,Seattle,WA 98115,USA,7.170425896,32.89526779,0.380562462,341000,[1]
3618,2014/7/3 0:00,4,2.5,2300,6448,2.0,0,0,3,2300,0,2001,0,24612 102nd Pl SE,Kent,WA 98030,USA,7.23090748,19.34938508,0.433216866,342000,[0]
3619,2014/7/3 0:00,4,2.5,2040,5523,2.0,0,0,3,2040,0,1999,0,455 S 190th St,Burien,WA 98148,USA,7.841304577,20.15062385,0.523358346,345000,[1]
3620,2014/7/3 0:00,2,1.0,860,5040,1.0,0,0,3,860,0,1956,2001,9257 7th Ave NW,Seattle,WA 98117,USA,7.893501069,52.88228424,0.276833229,370000,[1]
3621,2014/7/3 0:00,4,2.75,2640,35070,1.5,0,0,3,2640,0,1963,2008,19803 121st Ave SE,Kent,WA 98031,USA,7.490015125,13.32354471,0.500790365,395000,[1]
3622,2014/7/3 0:00,5,1.75,1840,10453,1.0,0,2,3,1360,480,1948,1994,2716 SW 170th St,Burien,WA 98166,USA,7.476997067,28.64849397,0.011046247,395000,[1]
3623,2014/7/3 0:00,2,1.75,1410,1005,1.5,0,0,3,900,510,2011,0,932-968 NE High St,Issaquah,WA 98029,USA,6.678635769,41.96494566,0.703407594,399900,[1]
3624,2014/7/3 0:00,4,2.25,2230,7200,1.0,0,0,4,1300,930,1963,0,2357 N 187th St,Shoreline,WA 98133,USA,7.532148947,20.91145924,0.89904726,400000,[1]
3625,2014/7/3 0:00,2,2.75,1350,1252,2.0,0,0,3,1120,230,2006,0,9126 45th Ave SW,Seattle,WA 98136,USA,6.766054116,43.5064532,0.956726707,405500,[1]
3626,2014/7/3 0:00,4,2.5,1700,9000,1.0,0,0,5,1700,0,1972,0,14214 81st Ave NE,Kirkland,WA 98034,USA,6.907571592,30.27216172,0.876942513,410000,[1]
3627,2014/7/3 0:00,3,1.5,1400,1022,3.0,0,0,3,1400,0,2007,0,1018 NE 96th St,Seattle,WA 98115,USA,6.395412954,46.76278821,0.964751193,425000,[1]
3628,2014/7/3 0:00,3,1.5,1810,5080,1.0,0,0,3,1030,780,1958,2004,7321 39th Ave NE,Seattle,WA 98115,USA,7.647356961,29.2539228,0.645467866,430000,[1]
3629,2014/7/3 0:00,3,2.5,1930,1348,2.0,0,0,3,1300,630,2005,0,3433 21st Ave W,Seattle,WA 98199,USA,6.434125043,35.16557905,0.381487276,439990,[1]
3630,2014/7/3 0:00,3,2.5,2250,5692,2.0,0,0,3,2250,0,2000,0,10010 37th Ave SW,Seattle,WA 98146,USA,6.926074238,27.017015,0.629421885,445838,[1]
3631,2014/7/3 0:00,3,1.75,1530,8000,2.0,0,0,3,1530,0,1978,0,10828 157th Ave NE,Redmond,WA 98052,USA,6.543520111,44.0551627,0.629209497,474000,[1]
3632,2014/7/3 0:00,3,2.5,3316,11447,2.0,0,0,3,3316,0,1986,0,33247-33248 2nd Pl SW,Federal Way,WA 98023,USA,6.382925244,20.46209414,0.787018999,490600,[1]
3633,2014/7/3 0:00,2,1.5,1930,3521,2.0,0,0,3,1930,0,1989,0,78 145th Pl SE,Bellevue,WA 98007,USA,6.228766144,41.15053319,0.65239983,509000,[1]
3634,2014/7/3 0:00,5,3.25,2740,9629,1.0,0,0,5,1390,1350,1977,0,10723 NE 189th St,Bothell,WA 98011,USA,6.146783999,29.30340292,0.362688352,515000,[1]
3635,2014/7/3 0:00,4,3.0,2590,6160,2.0,0,0,3,2590,0,2014,0,14012 163rd Pl SE,Renton,WA 98059,USA,6.04712141,31.09181137,0.886803508,519995,[1]
3636,2014/7/3 0:00,4,2.5,2020,4350,2.0,0,0,5,1730,290,1943,0,4109 W Bertona St,Seattle,WA 98199,USA,6.812701161,38.62314277,0.783208586,554729,[1]
3637,2014/7/3 0:00,3,2.5,2950,10254,2.0,0,0,3,2950,0,2006,0,409 Pasco Pl NE,Renton,WA 98059,USA,6.997650063,24.18660771,0.775765737,554950,[1]
3638,2014/7/3 0:00,4,2.5,2230,8624,1.0,0,0,4,1430,800,1969,0,14021 NE 62nd St,Redmond,WA 98052,USA,6.712486668,35.80254908,0.502296487,565000,[1]
3639,2014/7/3 0:00,3,1.75,1530,6743,1.0,0,0,3,1410,120,1955,2005,4931 SW Forney St,Seattle,WA 98116,USA,6.370039533,55.00448135,0.906044686,575000,[1]
3640,2014/7/3 0:00,5,3.0,2190,4900,2.0,0,0,5,1490,700,1940,0,8314 Jones Ave NW,Seattle,WA 98117,USA,7.755853901,34.53598418,0.036713697,588000,[0]
3641,2014/7/3 0:00,5,2.25,3000,13899,2.0,0,0,4,3000,0,1975,0,17612 NE 30th Pl,Redmond,WA 98052,USA,7.169201552,26.50270672,0.300971872,600000,[1]
3642,2014/7/3 0:00,4,2.5,2800,10786,1.0,0,0,3,1420,1380,1970,2014,16674 SE 17th St,Bellevue,WA 98008,USA,6.939939346,27.47490916,0.950010083,605000,[1]
3643,2014/7/3 0:00,3,2.5,2610,6405,2.0,0,0,3,2610,0,2001,0,7102 Curtis Dr SE,Snoqualmie,WA 98065,USA,7.719332081,29.8213619,0.084449945,605000,[1]
3644,2014/7/3 0:00,3,2.0,2300,13418,1.0,0,0,3,1430,870,1955,2005,335-345 105th Ave SE,Bellevue,WA 98004,USA,7.098879409,35.41779394,0.332995159,610000,[0]
3645,2014/7/3 0:00,4,2.5,2360,10000,1.0,0,3,3,1980,380,1977,2004,3323-3325 33rd Ave SW,Seattle,WA 98126,USA,6.488968296,38.73342416,0.613929509,633000,[1]
3646,2014/7/3 0:00,3,2.25,1980,10115,1.0,0,0,3,1980,0,1959,1989,3060 124th Ave NE,Bellevue,WA 98005,USA,6.001807778,53.23432031,0.121659303,640000,[1]
3647,2014/7/3 0:00,3,4.0,2080,2250,3.0,0,4,3,2080,0,1997,0,4326 Greenwood Ave N,Seattle,WA 98103,USA,6.772284501,50.70869548,0.045904624,715000,[0]
3648,2014/7/3 0:00,4,2.5,3150,4203,2.0,0,0,3,3150,0,2002,0,9714 132nd Ave NE,Kirkland,WA 98033,USA,7.96393609,31.44582999,0.780862848,815000,[0]
3649,2014/7/3 0:00,4,4.25,4930,25714,2.0,0,0,3,4930,0,2005,0,32805 145th Pl SE,Auburn,WA 98092,USA,6.071428998,23.41077803,0.860008805,835000,[1]
3650,2014/7/3 0:00,3,2.5,3230,5000,2.0,0,2,5,2430,800,1945,0,2431 NW Neptune Pl,Seattle,WA 98117,USA,6.280778645,40.56535297,0.861489731,850000,[0]
3651,2014/7/3 0:00,3,2.0,2470,8800,2.0,0,0,3,2470,0,1961,2004,3914 88th Ave SE,Mercer Island,WA 98040,USA,7.240592615,45.2412106,0.641808604,850000,[1]
3652,2014/7/3 0:00,4,2.0,2490,9525,2.0,0,0,5,2490,0,1968,0,4558 91st Ave SE,Mercer Island,WA 98040,USA,6.832765241,53.18776572,0.539094604,940000,[1]
3653,2014/7/3 0:00,6,2.75,2520,54160,2.0,1,4,3,2520,0,1954,2005,3405 SW Seola Ln,Seattle,WA 98146,USA,7.277725439,52.2371973,0.043070383,975000,[1]
3654,2014/7/3 0:00,4,2.5,2980,16263,2.0,0,0,3,2980,0,1989,0,6410 141st Ave SE,Bellevue,WA 98006,USA,6.253163976,49.16246587,0.942871759,1012000,[1]
3655,2014/7/3 0:00,3,3.25,3620,4000,2.0,0,0,3,2730,890,2005,0,3505 W McGraw St,Seattle,WA 98199,USA,6.353238445,44.06686601,0.059747,1015000,[1]
3656,2014/7/3 0:00,4,3.5,4370,10860,2.0,0,0,3,4370,0,2008,0,5350 NE 16th St,Renton,WA 98059,USA,6.9260645,32.70357371,0.467502237,1025000,[1]
3657,2014/7/3 0:00,4,5.0,4110,43560,2.0,0,0,4,4110,0,1978,2000,2808 120th Ave NE,Bellevue,WA 98005,USA,7.025956223,32.35114317,0.352351441,1042031,[1]
3658,2014/7/3 0:00,4,3.75,5070,60123,2.0,0,0,3,5070,0,2000,0,5725 251st Ct NE,Redmond,WA 98053,USA,6.915028133,25.30994205,0.511491815,1100000,[1]
3659,2014/7/3 0:00,4,2.5,3160,8281,2.0,0,0,4,3160,0,1995,0,709 7th St S,Kirkland,WA 98033,USA,6.545373723,52.37396321,0.806781534,1127000,[1]
3660,2014/7/3 0:00,3,2.5,2780,33503,1.5,0,1,4,2110,670,1969,0,2800-2998 194th Ave SE,Sammamish,WA 98075,USA,6.63826007,52.90060194,0.736294475,1140000,[1]
3661,2014/7/3 0:00,5,2.5,3580,8921,2.0,0,0,3,3580,0,2000,0,409 20th Ave,Kirkland,WA 98033,USA,6.823096351,46.33901532,0.297220578,1150000,[1]
3662,2014/7/3 0:00,5,3.0,3420,18129,2.0,0,0,3,2540,880,1952,2005,7657-7801 E Mercer Way,Mercer Island,WA 98040,USA,7.494759575,45.63656277,0.185762945,1195000,[1]
3663,2014/7/4 0:00,3,2.5,2320,7609,2.0,0,0,3,2320,0,2003,0,769-821 Big Tree Dr NW,Issaquah,WA 98027,USA,6.248443105,40.01150987,0.420188851,600000,[1]
3664,2014/7/5 0:00,3,1.75,1470,4950,1.0,0,0,3,1030,440,1984,0,14301 Wallingford Ave N,Seattle,WA 98133,USA,6.847074318,45.25592345,0.117726707,459500,[1]
3665,2014/7/5 0:00,3,2.5,1540,1326,3.0,0,0,3,1390,150,1995,0,2841 13th Ave W,Seattle,WA 98119,USA,6.614395187,48.56734109,0.488544996,499000,[1]
3666,2014/7/5 0:00,4,3.0,3130,5700,1.5,0,0,3,1750,1380,1953,0,4222 NE 72nd St,Seattle,WA 98115,USA,6.189190599,33.39048577,0.684667019,671000,[2]
3667,2014/7/5 0:00,4,2.25,2110,12653,2.0,0,0,4,2110,0,1972,0,7490 85th Ave SE,Mercer Island,WA 98040,USA,7.817348763,36.78621559,0.66448221,672500,[1]
3668,2014/7/6 0:00,3,1.75,1480,7700,1.0,0,0,3,1480,0,1975,0,13547 104th Pl NE,Kirkland,WA 98034,USA,6.555617199,39.65430787,0.203285073,395000,[1]
3669,2014/7/6 0:00,2,1.75,1990,4000,1.0,0,0,5,1090,900,1952,1998,8215 Stone Ave N,Seattle,WA 98103,USA,7.767808231,28.7722749,0.322804942,454790,[1]
3670,2014/7/7 0:00,2,1.0,1060,7700,1.0,0,0,3,820,240,1981,2013,1019 S 22nd Ct,Renton,WA 98055,USA,7.829069218,15.4036824,0.707780385,170500,[1]
3671,2014/7/7 0:00,2,1.0,1190,27007,1.0,0,0,4,1190,0,1910,0,205 SW Gibson Ln,Issaquah,WA 98027,USA,7.512909016,13.27468167,0.376141536,195000,[2]
3672,2014/7/7 0:00,3,1.0,1100,8560,1.0,0,0,3,1100,0,1961,2004,214 SW 305th St,Federal Way,WA 98023,USA,6.38943616,27.67548273,0.100125052,199990,[1]
3673,2014/7/7 0:00,3,1.5,1180,7300,1.0,0,0,4,1180,0,1968,0,2601-2667 Alpine St SE,Auburn,WA 98002,USA,6.911594859,25.03887603,0.11378321,209950,[1]
3674,2014/7/7 0:00,3,1.0,960,9563,1.0,0,0,5,960,0,1967,0,1625 SW 351st St,Federal Way,WA 98023,USA,6.085079595,32.22258904,0.459964226,215000,[1]
3675,2014/7/7 0:00,3,1.0,1230,6000,1.0,0,0,4,1230,0,1967,0,1605 21st St NE,Auburn,WA 98002,USA,6.776556087,25.89633605,0.335711144,229500,[1]
3676,2014/7/7 0:00,3,1.0,1390,6000,1.0,0,0,3,1390,0,1954,2005,880 Monroe Ave NE,Renton,WA 98056,USA,6.125210306,22.74059885,0.990049786,230000,[1]
3677,2014/7/7 0:00,3,1.75,1140,1201,2.0,0,0,3,1140,0,2014,0,4424-4438 Martin Luther King Jr Way S,Seattle,WA 98108,USA,6.741940431,29.38406723,0.513714293,230000,[1]
3678,2014/7/7 0:00,2,1.0,1500,6685,1.0,0,0,3,1190,310,1926,2003,12226 Phinney Ave N,Seattle,WA 98133,USA,6.938818261,21.56021238,0.444022052,245000,[1]
3679,2014/7/7 0:00,4,2.25,1995,7102,2.0,0,0,4,1995,0,1981,0,33724 27th Pl SW,Federal Way,WA 98023,USA,7.933378717,16.26043399,0.153429196,266000,[1]
3680,2014/7/7 0:00,3,1.0,1560,7552,1.0,0,0,4,910,650,1948,0,228 NE 174th St,Shoreline,WA 98155,USA,7.699153655,20.94264712,0.532702561,282509,[1]
3681,2014/7/7 0:00,4,2.0,1700,8640,1.0,0,0,3,850,850,1955,2010,3706 140th Ave SE,Bellevue,WA 98006,USA,7.835574747,20.18635475,0.204947136,282767,[2]
3682,2014/7/7 0:00,3,1.75,1940,7500,1.5,0,0,4,1940,0,1918,1985,1708 Franklin St,Enumclaw,WA 98022,USA,7.267053851,18.39173869,0.655225904,295000,[1]
3683,2014/7/7 0:00,3,1.5,1640,7222,2.0,0,0,4,1640,0,1908,0,9047 4th Ave S,Seattle,WA 98108,USA,7.566046553,23.19649578,0.131227696,295000,[1]
3684,2014/7/7 0:00,3,2.5,1520,4170,2.0,0,0,3,1520,0,2004,2003,24312 226th Ave SE,Maple Valley,WA 98038,USA,7.11265587,26.22697066,0.43591047,296475,[1]
3685,2014/7/7 0:00,4,3.0,2200,10800,1.0,0,0,3,2200,0,1960,2012,17237 129th Ave SE,Renton,WA 98058,USA,7.128883326,14.97492546,0.846063989,300000,[1]
3686,2014/7/7 0:00,4,2.5,2090,5195,2.0,0,0,3,2090,0,2007,0,22736 129th Pl SE,Kent,WA 98031,USA,7.131850848,17.69947444,0.976499577,300000,[1]
3687,2014/7/7 0:00,3,1.0,930,5160,1.5,0,0,5,930,0,1919,1934,8631 17th Ave SW,Seattle,WA 98106,USA,7.110502432,40.26629612,0.919274413,300000,[1]
3688,2014/7/7 0:00,3,1.75,2220,11646,1.0,0,0,3,1270,950,1950,2005,5608 NE 204th St,Kenmore,WA 98028,USA,7.819823715,14.9220824,0.669295525,320000,[1]
3689,2014/7/7 0:00,3,1.0,1120,10576,1.0,0,0,4,1120,0,1969,0,17722 199th Ave NE,Woodinville,WA 98077,USA,6.862839026,41.58861507,0.004603287,320000,[1]
3690,2014/7/7 0:00,3,2.0,2250,7904,1.5,0,0,3,2250,0,1998,2006,1512 10th Ct NW,Auburn,WA 98001,USA,7.195078889,19.30648733,0.271649421,328000,[0]
3691,2014/7/7 0:00,2,1.5,800,5192,1.0,0,0,5,800,0,1951,0,10203 42nd Ave SW,Seattle,WA 98146,USA,7.851256686,51.54355839,0.299399384,335950,[0]
3692,2014/7/7 0:00,3,2.5,1450,3748,2.0,0,0,3,1450,0,2004,2003,7621 Orchard Ave SE,Snoqualmie,WA 98065,USA,7.438649142,29.53031135,0.734748982,339000,[1]
3693,2014/7/7 0:00,3,2.5,2370,4200,2.0,0,0,3,2370,0,2014,0,25828 243rd Ave SE,Maple Valley,WA 98038,USA,6.066418877,23.51651094,0.54525053,351999,[1]
3694,2014/7/7 0:00,3,1.5,1800,22000,2.0,0,0,3,1800,0,1931,0,3714 S 128th St,Tukwila,WA 98168,USA,6.972663938,16.61534429,0.987389794,360000,[0]
3695,2014/7/7 0:00,4,1.75,1590,7920,2.0,0,0,4,1590,0,1960,2001,16016 Burke Ave N,Shoreline,WA 98133,USA,7.305742522,31.55574667,0.111375048,373000,[1]
3696,2014/7/7 0:00,2,1.5,1260,1575,2.0,0,0,3,1260,0,2001,0,2900-2948 S Irving St,Seattle,WA 98144,USA,7.412094273,38.82407582,0.97761161,374000,[1]
3697,2014/7/7 0:00,3,2.5,1601,2491,3.0,0,0,3,1536,65,2007,0,12341 10th Pl NE,Seattle,WA 98125,USA,7.248049786,32.46744,0.068883268,378000,[1]
3698,2014/7/7 0:00,2,1.0,1190,4440,1.0,0,0,3,1190,0,1981,2013,3825 NE 117th St,Seattle,WA 98125,USA,6.284239084,50.68402233,0.124452927,382500,[1]
3699,2014/7/7 0:00,3,2.5,1920,9625,2.0,0,0,3,1920,0,1993,0,955 11th Ct SW,North Bend,WA 98045,USA,6.044964863,30.77643821,0.589494345,391500,[1]
3700,2014/7/7 0:00,2,1.0,1290,4650,1.0,0,0,4,1290,0,1906,1990,312 NE 81st St,Seattle,WA 98115,USA,6.93398653,44.70368246,0.192137472,406062,[1]
3701,2014/7/7 0:00,3,2.25,1450,19206,2.0,0,0,3,1450,0,1989,0,1107 216th Ave NE,Sammamish,WA 98074,USA,6.732676059,34.61001232,0.557769224,410000,[1]
3702,2014/7/7 0:00,3,2.25,1620,1075,3.0,0,0,3,1540,80,2009,0,972 4th Ave NE,Issaquah,WA 98029,USA,7.659053102,34.42765938,0.377832629,430278,[2]
3703,2014/7/7 0:00,3,1.75,2220,17568,1.0,0,0,4,2220,0,1967,0,16527 191st Pl NE,Woodinville,WA 98072,USA,6.054871302,31.18414911,0.167604843,437000,[1]
3704,2014/7/7 0:00,3,2.0,1490,4800,2.0,0,0,5,1490,0,1948,1985,309 NW 89th St,Seattle,WA 98117,USA,7.647162193,37.39512695,0.310838742,437500,[1]
3705,2014/7/7 0:00,5,1.75,1650,3000,1.5,0,0,3,1650,0,1902,0,814 20th Ave S,Seattle,WA 98144,USA,7.171292985,36.63972074,0.439512357,443000,[1]
3706,2014/7/7 0:00,2,2.0,1240,2500,2.0,0,0,3,1240,0,1985,0,2847 NW 70th St,Seattle,WA 98117,USA,7.831541716,44.54189962,0.635820461,445000,[1]
3707,2014/7/7 0:00,3,2.5,1990,12793,2.0,0,0,3,1990,0,1993,0,14543 86th Pl NE,Kenmore,WA 98028,USA,6.040237136,33.44134256,0.621598891,450000,[1]
3708,2014/7/7 0:00,3,1.75,1480,8394,1.0,0,0,4,1480,0,1971,0,6201 147th Ct NE,Redmond,WA 98052,USA,6.396749405,43.0023314,0.79875861,450000,[2]
3709,2014/7/7 0:00,3,1.5,1740,4200,1.5,0,0,4,1640,100,1920,0,6714 4th Ave NW,Seattle,WA 98117,USA,6.190201154,42.97575489,0.396567334,473200,[1]
3710,2014/7/7 0:00,5,2.5,2510,8050,1.0,0,0,4,1490,1020,1977,0,12608 NE 134th Pl,Kirkland,WA 98034,USA,6.308308769,28.67098248,0.414081128,475000,[1]
3711,2014/7/7 0:00,3,2.25,1680,9090,1.0,0,0,4,1130,550,1959,0,305 158th Pl SE,Bellevue,WA 98008,USA,7.070301351,38.02311104,0.441230283,480000,[2]
3712,2014/7/7 0:00,4,2.5,2286,8269,2.0,0,0,3,2286,0,2002,0,1831 NE 29th Ct,Renton,WA 98056,USA,6.195453487,32.45553238,0.416523211,481000,[1]
3713,2014/7/7 0:00,3,1.75,1880,10032,1.0,0,0,4,1880,0,1984,0,13345 SE 55th Pl,Bellevue,WA 98006,USA,7.49479819,31.40064347,0.585252274,486446,[2]
3714,2014/7/7 0:00,3,1.0,1890,3330,1.5,0,0,4,1390,500,1901,0,4324 Dayton Ave N,Seattle,WA 98103,USA,7.027346846,36.22612362,0.245758804,486895,[1]
3715,2014/7/7 0:00,3,2.5,1910,2091,2.0,0,0,3,1910,0,2014,0,1273 NE Hickory Ln,Issaquah,WA 98029,USA,6.698003867,38.01030302,0.609907172,494815,[2]
3716,2014/7/7 0:00,3,2.5,1720,3012,2.0,0,0,3,1720,0,2011,0,14020 Meridian Ave N,Seattle,WA 98133,USA,7.491155003,38.12199657,0.390288044,500000,[1]
3717,2014/7/7 0:00,3,2.5,3030,9053,2.0,0,0,3,3030,0,2009,0,5221 NE 7th Pl,Renton,WA 98059,USA,7.127625411,23.0312771,0.193723873,509900,[1]
3718,2014/7/7 0:00,3,2.5,1420,1237,3.0,0,0,3,1420,0,2014,0,2252 NW 62nd St,Seattle,WA 98107,USA,7.275239517,49.32654925,0.046147864,510000,[1]
3719,2014/7/7 0:00,6,3.5,3000,8401,1.0,0,0,3,1500,1500,1979,2014,12750 27th Ave NE,Seattle,WA 98125,USA,7.955821593,20.29448009,0.637705197,527000,[2]
3720,2014/7/7 0:00,3,1.75,1320,2500,1.0,0,0,3,870,450,1918,0,2108 NE 54th St,Seattle,WA 98105,USA,7.693558422,50.43640353,0.925098553,530000,[3]
3721,2014/7/7 0:00,3,2.25,2590,15229,2.0,0,3,3,2590,0,1984,0,23105 Marine View Dr S,Des Moines,WA 98198,USA,6.254837054,30.89427136,0.396430362,538250,[3]
3722,2014/7/7 0:00,3,2.5,2040,10086,2.0,0,0,3,2040,0,1987,2000,8511 170th Ct NE,Redmond,WA 98052,USA,6.587072656,40.2416741,0.026300689,542500,[2]
3723,2014/7/7 0:00,4,1.0,1660,4704,1.5,0,0,3,1260,400,1930,1997,8612 8th Ave NE,Seattle,WA 98115,USA,6.186647631,53.33957729,0.034751527,548800,[2]
3724,2014/7/7 0:00,2,2.0,1580,5750,1.0,0,0,5,790,790,1910,0,4052 41st Ave SW,Seattle,WA 98116,USA,7.310814111,45.52098747,0.765587621,558000,[3]
3725,2014/7/7 0:00,3,2.0,1640,2808,1.0,0,3,4,820,820,1924,0,3209 S Charles St,Seattle,WA 98144,USA,6.531792101,52.84287841,0.214801832,570000,[2]
3726,2014/7/7 0:00,4,2.5,2400,6137,2.0,0,0,3,2400,0,1990,2009,22447 NE 9th Dr,Sammamish,WA 98074,USA,7.625115307,30.72788921,0.270777518,575000,[3]
3727,2014/7/7 0:00,3,2.0,1860,4777,2.0,0,0,5,1860,0,1908,0,8222 16th Ave NE,Seattle,WA 98115,USA,7.040031539,43.19672431,0.664945757,588000,[3]
3728,2014/7/7 0:00,3,2.75,1830,1850,2.0,0,0,3,1690,140,2011,0,2101-2499 NW Stoney Creek Dr,Issaquah,WA 98027,USA,7.177660663,44.7790074,0.363169483,593000,[3]
3729,2014/7/7 0:00,4,2.0,2530,5650,1.5,0,0,4,1910,620,1910,0,2900-2998 Fairmount Ave SW,Seattle,WA 98116,USA,6.05553017,39.81210407,0.630126999,631500,[2]
3730,2014/7/7 0:00,4,2.5,2690,18653,2.0,0,0,3,2690,0,1985,0,4117 211th Pl NE,Sammamish,WA 98074,USA,7.480913587,25.38706435,0.961143666,645000,[3]
3731,2014/7/7 0:00,5,2.0,2800,17788,1.0,0,0,4,1400,1400,1963,0,7502 132nd Ave NE,Kirkland,WA 98033,USA,7.303366881,28.09660574,0.696165886,665000,[3]
3732,2014/7/7 0:00,6,3.0,4050,36171,2.0,0,0,4,2620,1430,1970,0,14717 245th Ave SE,Issaquah,WA 98027,USA,7.034979845,15.19074101,0.932124271,670000,[3]
3733,2014/7/7 0:00,5,2.5,2860,68519,2.0,0,0,5,2860,0,1958,0,37927 SE 82nd Pl,Snoqualmie,WA 98065,USA,6.39356303,21.34614256,0.638405851,670000,[3]
3734,2014/7/7 0:00,4,2.75,2330,3920,2.0,0,0,3,2330,0,2005,0,3440 NE Marion Ln,Issaquah,WA 98029,USA,6.869498814,42.14207688,0.203382522,680000,[3]
3735,2014/7/7 0:00,3,3.25,2030,11070,2.0,0,0,4,2030,0,1980,0,16725 NE 42nd Ct,Redmond,WA 98052,USA,6.714695855,47.60685271,0.485377962,685000,[3]
3736,2014/7/7 0:00,4,2.25,2350,18600,2.0,0,0,4,2350,0,1977,0,16327 Inglewood Pl NE,Kenmore,WA 98028,USA,6.703310488,42.29759829,0.651220955,747500,[2]
3737,2014/7/7 0:00,4,2.0,2600,4800,1.0,0,2,3,1400,1200,1953,0,1937 10th Ave W,Seattle,WA 98119,USA,7.04402291,42.36224139,0.1229897,780000,[3]
3738,2014/7/7 0:00,3,2.75,2760,8476,1.0,0,0,4,1690,1070,1967,0,6950 93rd Ave SE,Mercer Island,WA 98040,USA,6.585727139,44.34392652,0.268321603,821000,[3]
3739,2014/7/7 0:00,5,2.75,3595,5639,2.0,0,0,3,3595,0,2014,0,9622 242nd Way NE,Redmond,WA 98053,USA,7.013964474,33.42711866,0.483377935,861990,[3]
3740,2014/7/7 0:00,4,3.25,3990,9786,2.0,0,0,3,3990,0,2004,2003,Nuthatch Trail,Redmond,WA 98053,USA,6.925164297,29.25895273,0.848964169,866000,[3]
3741,2014/7/7 0:00,4,3.0,3040,36246,1.5,0,0,3,2680,360,1923,2014,200 E Lake Sammamish Pkwy NE,Sammamish,WA 98074,USA,7.434022396,33.86566935,0.388398041,870000,[3]
3742,2014/7/7 0:00,3,2.5,3540,38322,2.0,0,0,3,3540,0,1989,0,21837 NE 102nd St,Redmond,WA 98053,USA,6.807390808,26.22806488,0.983244613,888550,[3]
3743,2014/7/7 0:00,3,2.5,3870,46609,2.0,0,3,3,3870,0,1997,0,17002 SE 14th Ln,Bellevue,WA 98008,USA,7.147670663,38.20693071,0.654787043,1275000,[2]
3744,2014/7/7 0:00,4,3.0,5430,108900,2.0,0,0,4,5430,0,1987,0,22701 NE 57th Ct,Redmond,WA 98053,USA,6.101054827,33.77322268,0.362935482,1360000,[1]
3745,2014/7/7 0:00,4,3.25,3770,4103,2.0,0,0,5,2710,1060,1925,0,410 Wheeler St,Seattle,WA 98109,USA,6.751602018,56.54043232,0.391521763,1450000,[3]
3746,2014/7/8 0:00,2,1.0,630,4200,1.0,0,0,3,630,0,1930,1997,7760 10th Ave SW,Seattle,WA 98106,USA,6.666914662,32.73002705,0.376013611,148000,[3]
3747,2014/7/8 0:00,3,1.0,1400,7360,1.0,0,0,4,1400,0,1968,0,11626-11630 SE 323rd Pl,Auburn,WA 98092,USA,6.558264954,13.83446502,0.439287176,148226,[3]
3748,2014/7/8 0:00,3,1.0,1350,8700,1.5,0,0,3,1350,0,1942,1999,17052 34th Ave S,SeaTac,WA 98188,USA,6.745546363,16.42316774,0.177939913,160000,[1]
3749,2014/7/8 0:00,1,1.0,850,8050,1.0,0,0,2,850,0,1906,0,3510 S Holly St,Seattle,WA 98118,USA,7.414611143,19.92061194,0.66097371,165000,[2]
3750,2014/7/8 0:00,3,1.0,1040,8892,1.0,0,0,4,800,240,1958,1972,1028 SW 307th St,Federal Way,WA 98023,USA,6.466346134,23.46779667,0.434514975,182805,[0]
3751,2014/7/8 0:00,3,1.0,910,10575,1.0,0,0,4,910,0,1968,0,2536 S 365th Pl,Federal Way,WA 98003,USA,7.928311418,15.14361713,0.963031516,190000,[2]
3752,2014/7/8 0:00,3,1.0,1320,5000,1.5,0,0,3,1320,0,1912,1994,4207 SW Manning St,Seattle,WA 98116,USA,6.652201435,19.80432896,0.829802025,201500,[0]
3753,2014/7/8 0:00,3,1.0,1180,8240,1.0,0,0,4,1180,0,1967,0,30105 10th Ave S,Federal Way,WA 98003,USA,6.018501452,24.79835861,0.582472316,205000,[0]
3754,2014/7/8 0:00,3,2.0,960,9380,1.0,0,0,3,960,0,1949,1998,13045 6th Pl SW,Seattle,WA 98146,USA,7.969852172,19.71390845,0.791465314,210000,[0]
3755,2014/7/8 0:00,3,1.0,1070,8179,1.0,0,0,3,1070,0,1949,1998,11247 11th Ave SW,Seattle,WA 98146,USA,7.406385977,26.12073733,0.049482928,210000,[0]
3756,2014/7/8 0:00,3,1.75,1200,9085,1.0,0,0,4,1200,0,1968,0,35839 14th Ave SW,Federal Way,WA 98023,USA,7.222407402,22.23800257,0.551937627,228950,[0]
3757,2014/7/8 0:00,2,1.0,770,8149,1.0,0,0,3,770,0,1948,1994,16040 28th Ave NE,Shoreline,WA 98155,USA,7.155590371,31.57454563,0.954537111,229629,[0]
3758,2014/7/8 0:00,3,1.5,1460,15000,1.0,0,0,3,1460,0,1966,1963,31605-31625 51st Ave S,Auburn,WA 98001,USA,7.681212039,18.97672917,0.166502806,232000,[1]
3759,2014/7/8 0:00,2,1.0,1020,7920,1.0,0,0,3,1020,0,1939,1969,1712 S Dawson St,Seattle,WA 98108,USA,7.277289908,27.46050634,0.540722803,235000,[0]
3760,2014/7/8 0:00,5,2.5,2340,13713,1.0,0,0,2,1670,670,1967,0,30221 8th Ave S,Federal Way,WA 98003,USA,6.832224398,11.83966471,0.493268647,235500,[0]
3761,2014/7/8 0:00,3,2.5,1600,2788,2.0,0,0,4,1600,0,1992,0,11539 SE 221st Pl,Kent,WA 98031,USA,7.812794182,18.7539672,0.485104609,245000,[1]
3762,2014/7/8 0:00,2,1.5,1090,2686,2.0,0,0,3,1090,0,1982,0,13124 113th Pl NE,Kirkland,WA 98034,USA,6.409459625,34.32592598,0.533719108,249000,[1]
3763,2014/7/8 0:00,3,1.75,1140,10400,1.0,0,0,4,1140,0,1983,0,1705 Douglas Ct,Milton,WA 98354,USA,7.039362953,29.84796842,0.143066666,250000,[0]
3764,2014/7/8 0:00,4,2.5,2530,8169,2.0,0,0,3,2530,0,1993,0,37654 18th Pl S,Federal Way,WA 98003,USA,6.762444628,13.45782791,0.411463317,252980,[0]
3765,2014/7/8 0:00,3,1.75,1550,9720,1.0,0,0,3,1050,500,1976,0,22821 SE 288th St,Black Diamond,WA 98010,USA,7.748257959,15.89811211,0.850673835,255000,[0]
3766,2014/7/8 0:00,3,1.0,1400,8100,1.5,0,0,3,1400,0,1944,0,11520 36th Ave NE,Seattle,WA 98125,USA,6.65733261,23.95843846,0.810412237,267000,[1]
3767,2014/7/8 0:00,3,2.5,2538,4600,2.0,0,0,3,2538,0,2013,1923,5703 Charlotte Ave SE,Auburn,WA 98092,USA,6.999272851,15.89807755,0.216090828,289373,[1]
3768,2014/7/8 0:00,3,1.5,1520,7123,1.0,0,0,4,1520,0,1959,0,1012 Lynnwood Ave NE,Renton,WA 98056,USA,6.844032318,24.45906541,0.782647038,292600,[0]
3769,2014/7/8 0:00,3,2.25,1910,3481,2.0,0,0,3,1910,0,2009,0,19358 114th Pl SE,Kent,WA 98031,USA,6.641058444,22.29317566,0.442260178,293000,[1]
3770,2014/7/8 0:00,4,2.5,2200,8065,2.0,0,0,3,2200,0,1998,2006,9526 S 221st Pl,Kent,WA 98031,USA,6.782031241,19.01962852,0.296509921,300000,[1]
3771,2014/7/8 0:00,3,1.0,1150,7314,1.0,0,0,3,1150,0,1960,2012,16940 NE 16th Pl,Bellevue,WA 98008,USA,6.510595753,37.62883395,0.383589477,300000,[1]
3772,2014/7/8 0:00,4,2.5,1920,8562,2.0,0,2,4,1920,0,1994,0,203 Farrelly St,Enumclaw,WA 98022,USA,7.173418163,18.83628857,0.806243232,308950,[1]
3773,2014/7/8 0:00,2,1.0,1080,2674,1.0,0,0,4,720,360,1919,1985,4820 12th Ave S,Seattle,WA 98108,USA,7.825773126,35.37047452,0.767203303,315000,[1]
3774,2014/7/8 0:00,3,3.25,1450,1387,2.0,0,0,3,1180,270,2013,1923,5107 Puget Blvd SW,Seattle,WA 98106,USA,6.033355692,35.83979476,0.772007993,320000,[1]
3775,2014/7/8 0:00,2,1.0,810,4080,1.0,0,0,4,810,0,1941,1998,3620 SW Holden St,Seattle,WA 98126,USA,7.994555301,46.80061855,0.67258987,325000,[1]
3776,2014/7/8 0:00,2,1.0,800,7260,1.0,0,0,3,800,0,1953,0,7354 27th Ave SW,Seattle,WA 98126,USA,7.102073677,53.80152912,0.374663805,325000,[1]
3777,2014/7/8 0:00,3,1.0,1060,7920,1.0,0,0,4,1060,0,1968,0,4149-4399 19th Ave SW,Seattle,WA 98106,USA,7.351103255,38.9329133,0.397249215,326500,[0]
3778,2014/7/8 0:00,3,2.25,2220,4060,1.0,0,0,3,1330,890,1993,0,5401 S Fletcher St,Seattle,WA 98118,USA,7.411633981,18.52279859,0.838419203,330000,[1]
3779,2014/7/8 0:00,3,2.25,2120,14915,1.0,0,0,3,1720,400,1979,2014,27840 38th Pl S,Auburn,WA 98001,USA,7.161771551,15.79348473,0.863228803,332000,[0]
3780,2014/7/8 0:00,4,2.5,2250,3916,2.0,0,0,3,2250,0,2014,0,29024 121st Way SE,Auburn,WA 98092,USA,7.752827868,17.79286255,0.761320561,333490,[1]
3781,2014/7/8 0:00,3,2.25,2760,10160,1.0,0,0,3,2760,0,1969,2010,14213 SE 170th St,Renton,WA 98058,USA,7.908714724,14.35670416,0.281523216,336000,[1]
3782,2014/7/8 0:00,3,2.25,2120,13090,1.0,0,0,3,2120,0,1997,0,1310 G St SE,Auburn,WA 98002,USA,7.930976406,14.14811304,0.983642438,340000,[0]
3783,2014/7/8 0:00,4,2.75,3000,5470,2.0,0,0,3,3000,0,2005,0,22710 SE 268th Pl,Maple Valley,WA 98038,USA,7.03433894,16.23934821,0.319684353,355000,[1]
3784,2014/7/8 0:00,2,1.75,1210,1032,2.0,0,0,3,1210,0,2014,0,2520 Mulberry Walk NE,Issaquah,WA 98029,USA,6.228431124,47.20434986,0.281756744,357562,[1]
3785,2014/7/8 0:00,5,3.0,1810,3000,2.0,0,0,3,1810,0,1998,2006,4519 33rd Ave S,Seattle,WA 98118,USA,6.061111645,31.87816404,0.675180249,362000,[1]
3786,2014/7/8 0:00,4,1.75,2100,11942,1.0,0,0,3,1030,1070,1964,2000,5901-5909 17th Ave SW,Seattle,WA 98106,USA,7.968978359,17.88011337,0.722729086,368000,[1]
3787,2014/7/8 0:00,3,1.75,1570,16817,2.0,0,0,3,1570,0,1982,0,43719 SE 142nd St,North Bend,WA 98045,USA,6.44958175,28.43731591,0.756465192,370000,[1]
3788,2014/7/8 0:00,3,1.0,1650,6400,1.0,0,0,4,980,670,1954,1979,9233 25th Ave SW,Seattle,WA 98106,USA,6.829360205,31.58830904,0.355745664,371500,[1]
3789,2014/7/8 0:00,3,1.75,1660,9673,1.0,0,0,3,1130,530,1976,0,13300 NE 186th St,Woodinville,WA 98072,USA,6.991349652,29.68021278,0.451623995,375000,[1]
3790,2014/7/8 0:00,3,2.5,2860,43821,2.0,0,0,4,2860,0,1990,0,14921 SE Auburn-Black Diamond Rd,Auburn,WA 98092,USA,6.3552446,13.04253753,0.507871851,378500,[1]
3791,2014/7/8 0:00,4,2.5,1984,32400,1.0,0,0,3,1564,420,1962,2003,26856 12th Ave S,Des Moines,WA 98198,USA,7.568848482,24.58513102,0.044101474,380000,[0]
3792,2014/7/8 0:00,4,2.5,2620,8331,2.0,0,0,3,2620,0,1991,0,13602 SE 186th Pl,Renton,WA 98058,USA,7.123878325,17.58136531,0.885138076,380681,[1]
3793,2014/7/8 0:00,3,2.25,2090,15000,1.0,0,0,3,2090,0,1961,2004,608 Riverside Dr SE,North Bend,WA 98045,USA,7.218868921,21.16806026,0.587610472,383000,[1]
3794,2014/7/8 0:00,3,1.75,1180,16552,1.0,0,0,4,1180,0,1967,0,16714 NE 158th St,Woodinville,WA 98072,USA,7.431499183,35.47846606,0.641295727,390000,[1]
3795,2014/7/8 0:00,3,1.75,1880,5752,1.0,0,0,4,940,940,1945,0,3529 SW Webster St,Seattle,WA 98126,USA,6.912854762,29.41336059,0.349717389,396167,[1]
3796,2014/7/8 0:00,4,1.75,1360,4840,1.5,0,0,4,1360,0,1928,0,5048 35th Ave SW,Seattle,WA 98126,USA,6.118216104,46.34421653,0.468734799,399500,[1]
3797,2014/7/8 0:00,4,2.5,2560,4020,2.0,0,0,3,2560,0,2006,0,27645 236th Ct SE,Maple Valley,WA 98038,USA,6.274868448,25.40167432,0.077544521,410000,[1]
3798,2014/7/8 0:00,4,2.25,2060,7283,1.0,0,0,3,1220,840,1963,2013,15568 11th Ave NE,Shoreline,WA 98155,USA,6.802722288,27.48280533,0.50190998,410000,[1]
3799,2014/7/8 0:00,3,2.0,1320,6000,1.5,0,0,4,1320,0,1920,0,2200 S Hanford St,Seattle,WA 98144,USA,6.705619488,45.32593877,0.218751409,410000,[1]
3800,2014/7/8 0:00,4,1.75,1920,7700,2.0,0,0,4,1920,0,1970,0,7209 SE 70th St,Newcastle,WA 98056,USA,6.505061763,30.52190401,0.674599708,415000,[3]
3801,2014/7/8 0:00,3,2.0,1550,6039,1.0,0,0,5,830,720,1942,0,6537 36th Ave SW,Seattle,WA 98126,USA,6.555101935,38.87944706,0.883360906,430000,[3]
3802,2014/7/8 0:00,4,2.75,2230,9640,1.0,0,0,3,1320,910,1998,2006,13362 3rd Ave NE,Seattle,WA 98125,USA,7.286934215,25.59891049,0.270779711,435000,[2]
3803,2014/7/8 0:00,4,2.5,2150,3143,2.0,0,0,3,2150,0,2010,0,1356 Elma Pl NE,Renton,WA 98059,USA,6.619287391,29.26247242,0.891736615,435000,[3]
3804,2014/7/8 0:00,2,2.0,1270,1372,3.0,0,0,3,1270,0,2000,0,848 NE 67th St,Seattle,WA 98115,USA,6.543681726,52.0988261,0.560704542,438000,[3]
3805,2014/7/8 0:00,4,2.25,2570,9503,2.0,0,0,3,2570,0,1980,0,18719 129th Ct NE,Bothell,WA 98011,USA,6.880102292,23.99738173,0.224552225,439000,[3]
3806,2014/7/8 0:00,4,2.5,2680,5539,2.0,0,0,3,2680,0,2013,1923,13800 453rd Ave SE,North Bend,WA 98045,USA,6.282824025,26.25132911,0.229046599,449990,[3]
3807,2014/7/8 0:00,4,3.5,3440,6000,2.0,0,0,4,3440,0,2002,0,21625 4th Ave S,Normandy Park,WA 98198,USA,6.772245993,17.91082437,0.928791093,455000,[3]
3808,2014/7/8 0:00,4,2.5,1910,10300,1.0,0,0,3,1910,0,1921,1968,105 NW 178th St,Shoreline,WA 98177,USA,7.815740589,25.76755549,0.916003971,458400,[3]
3809,2014/7/8 0:00,3,1.5,1830,9848,1.0,0,0,5,1830,0,1962,0,12000-12098 SE 71st Pl,Newcastle,WA 98056,USA,6.604896853,34.92837589,0.70446702,468000,[3]
3810,2014/7/8 0:00,4,2.75,2530,14178,2.0,0,0,3,2530,0,1997,0,15200 287th Ave NE,Duvall,WA 98019,USA,6.160499196,29.39713438,0.134691244,469950,[3]
3811,2014/7/8 0:00,3,1.0,1340,13750,1.0,0,0,4,1340,0,1955,2009,14211 SE 37th St,Bellevue,WA 98006,USA,6.238282881,53.73950331,0.347128396,479000,[0]
3812,2014/7/8 0:00,2,1.0,1060,3040,1.0,0,0,3,860,200,1924,2011,2342 N 60th St,Seattle,WA 98103,USA,7.8899799,55.62365819,0.616966843,480000,[0]
3813,2014/7/8 0:00,4,2.25,1900,7200,1.0,0,0,3,1370,530,1977,2004,11042 31st Ave SW,Seattle,WA 98146,USA,7.33233823,34.66404129,0.03939734,485000,[0]
3814,2014/7/8 0:00,3,2.5,1810,4592,2.0,0,0,3,1810,0,1992,0,25744 SE 37th St,Issaquah,WA 98029,USA,7.304337914,36.53025174,0.895575463,513000,[0]
3815,2014/7/8 0:00,2,1.5,1920,3408,1.0,0,0,4,960,960,1912,1989,1103 26th Ave,Seattle,WA 98122,USA,7.192973462,35.9321231,0.846837815,517000,[0]
3816,2014/7/8 0:00,5,2.5,2820,9375,1.0,0,0,4,1550,1270,1968,0,15910 SE 42nd Pl,Bellevue,WA 98006,USA,7.047535233,25.46591692,0.326757985,527700,[0]
3817,2014/7/8 0:00,2,2.5,1785,779,2.0,0,0,3,1595,190,1975,0,1600-1718 107th Ave SE,Bellevue,WA 98004,USA,6.318189751,46.6437318,0.803241973,530000,[0]
3818,2014/7/8 0:00,3,1.75,1070,8030,1.0,0,0,3,1070,0,1966,2014,13820 NE 72nd Pl,Redmond,WA 98052,USA,7.801132887,57.8748561,0.940347755,542000,[0]
3819,2014/7/8 0:00,3,3.5,2490,3582,2.0,0,0,3,1720,770,2005,0,320 NW Boulder Pl,Issaquah,WA 98027,USA,7.847185354,27.66600725,0.335138699,550000,[0]
3820,2014/7/8 0:00,3,2.25,1820,9670,2.0,0,0,3,1820,0,1984,0,17213 NE 32nd St,Redmond,WA 98052,USA,6.309328129,44.75780352,0.713756831,557500,[0]
3821,2014/7/8 0:00,4,2.25,1950,9800,1.0,0,0,3,1330,620,1968,1997,12034 NE 67th St,Kirkland,WA 98033,USA,7.235140606,38.41544655,0.254070961,560000,[1]
3822,2014/7/8 0:00,4,1.75,2790,17476,1.0,0,2,3,1450,1340,1956,2001,2714 SW 164th Pl,Burien,WA 98166,USA,7.329171864,26.83161467,0.150968119,568000,[1]
3823,2014/7/8 0:00,4,2.5,2130,35752,1.0,0,0,3,1490,640,1980,0,3814 231st Ave SE,Sammamish,WA 98075,USA,7.797113231,25.4803546,0.562579699,580000,[1]
3824,2014/7/8 0:00,3,2.25,1940,5980,1.0,0,0,3,1520,420,1987,2000,1130 Oak Hill Pl NW,Issaquah,WA 98027,USA,6.442985313,45.90828806,0.16025139,580000,[2]
3825,2014/7/8 0:00,4,2.5,2630,6185,2.0,0,0,3,2630,0,1999,0,3505 Monterey Ct NE,Renton,WA 98056,USA,6.605396738,33.59409905,0.034190054,585000,[2]
3826,2014/7/8 0:00,2,2.0,1570,4665,1.0,0,0,3,1570,0,2006,0,Adair Creek Trail,Redmond,WA 98053,USA,6.552974118,56.77584185,0.269238613,592350,[3]
3827,2014/7/8 0:00,3,2.0,2560,14680,1.0,0,0,3,1330,1230,1987,2000,16604 NE 42nd Ct,Redmond,WA 98052,USA,7.460025178,30.72622676,0.111409718,599000,[3]
3828,2014/7/8 0:00,3,2.25,1900,46609,1.5,0,0,4,1440,460,1969,0,17308 167th Ave NE,Woodinville,WA 98072,USA,7.059886576,28.80821358,0.649050511,600000,[3]
3829,2014/7/8 0:00,4,2.5,2250,11370,2.0,0,0,3,2250,0,1991,0,12362 76th Ct NE,Kirkland,WA 98034,USA,7.501581442,34.66230734,0.175280855,600000,[3]
3830,2014/7/8 0:00,3,1.75,2050,16313,1.0,0,0,2,2050,0,1973,0,4009 97th Ave SE,Mercer Island,WA 98040,USA,6.69321132,38.73290999,0.838406211,623000,[3]
3831,2014/7/8 0:00,2,2.5,2290,3507,2.0,0,0,3,2290,0,2005,0,2598 NE Natalie Way,Issaquah,WA 98029,USA,7.831566943,34.52938102,0.391043384,630000,[2]
3832,2014/7/8 0:00,4,2.5,2850,37522,2.0,0,0,3,2850,0,1987,2000,26007 SE 27th St,Sammamish,WA 98075,USA,7.481849607,18.41966094,0.898475447,645000,[3]
3833,2014/7/8 0:00,4,3.0,3720,57499,1.0,0,0,3,1880,1840,2003,0,4316 331st Ave NE,Carnation,WA 98014,USA,6.858643961,12.31426751,0.85152516,650000,[3]
3834,2014/7/8 0:00,3,2.75,2830,3496,2.0,0,0,3,2830,0,2012,1912,24588-24638 SE Issaquah-Fall City Rd,Issaquah,WA 98029,USA,6.647793709,35.2242325,0.443940825,673000,[3]
3835,2014/7/8 0:00,4,2.5,2610,5140,2.0,0,0,3,2610,0,2006,0,922 N 91st St,Seattle,WA 98103,USA,7.216031076,35.68034394,0.070154852,674600,[3]
3836,2014/7/8 0:00,4,2.5,3220,35400,2.0,0,0,3,3220,0,1991,0,16831 NE 176th St,Woodinville,WA 98072,USA,6.786609146,26.5750244,0.454780345,690000,[3]
3837,2014/7/8 0:00,5,2.75,2510,9180,1.0,0,1,4,1600,910,1975,0,3312 181st Pl NE,Redmond,WA 98052,USA,7.372629925,37.00854242,0.157294061,695500,[3]
3838,2014/7/8 0:00,4,3.0,3580,9316,2.5,0,0,3,2370,1210,1991,0,15502 SE 18th St,Bellevue,WA 98007,USA,6.594643371,29.31971537,0.315712562,711600,[2]
3839,2014/7/8 0:00,4,2.25,2410,8400,2.0,0,0,5,2410,0,1965,0,16451 NE 18th St,Bellevue,WA 98008,USA,7.02587667,41.19868713,0.379699842,720000,[3]
3840,2014/7/8 0:00,4,2.75,3090,5859,2.0,0,0,3,3090,0,2010,0,384 218th Pl SE,Sammamish,WA 98074,USA,7.111197736,34.10531106,0.254137233,760005,[3]
3841,2014/7/8 0:00,4,4.0,3010,7221,2.0,0,0,3,3010,0,2004,2003,2828 277th Terrace SE,Sammamish,WA 98075,USA,6.52758258,37.33252807,0.668063192,765000,[2]
3842,2014/7/8 0:00,2,2.5,2560,2500,2.0,0,0,5,1690,870,1901,0,419 25th Ave E,Seattle,WA 98112,USA,7.817749999,38.95730862,0.016897011,780000,[2]
3843,2014/7/8 0:00,4,3.5,5270,53428,2.0,0,0,3,3440,1830,2004,2003,18603 E Spring Lake Dr SE,Renton,WA 98058,USA,7.030806806,11.22615857,0.974450341,782000,[2]
3844,2014/7/8 0:00,3,2.5,3420,25150,1.0,0,0,4,1750,1670,1987,0,14102 SE 42nd St,Bellevue,WA 98006,USA,7.267501968,24.62506902,0.973026044,789900,[1]
3845,2014/7/8 0:00,2,2.75,2700,8572,1.0,0,0,3,2700,0,2007,0,22857 NE 138th Ct,Redmond,WA 98053,USA,7.129191375,38.93842525,0.98969032,810000,[1]
3846,2014/7/8 0:00,4,3.5,3370,3634,2.0,0,0,3,2750,620,2007,0,2154 NE Morgan Ln,Issaquah,WA 98029,USA,6.157262757,38.96321754,0.157055353,812000,[2]
3847,2014/7/8 0:00,3,2.75,3176,13391,2.0,0,3,4,2726,450,1985,0,401 S 289th St,Federal Way,WA 98003,USA,7.657960903,32.6110634,0.252019432,819000,[2]
3848,2014/7/8 0:00,3,2.5,3180,12600,2.0,0,0,4,3180,0,1978,2000,3004 211th Ave NE,Sammamish,WA 98074,USA,6.572386499,41.74763061,0.331674201,900000,[2]
3849,2014/7/8 0:00,3,2.5,3480,7800,1.0,0,0,4,1750,1730,1941,1998,10323 Valmay Ave NW,Seattle,WA 98177,USA,7.843707974,33.91707813,0.395481396,950000,[2]
3850,2014/7/8 0:00,5,2.75,3500,5040,2.0,0,2,3,2950,550,1927,2007,5433 37th Ave SW,Seattle,WA 98126,USA,6.779293343,40.29034416,0.410030775,970000,[2]
3851,2014/7/8 0:00,4,2.5,3130,10849,2.0,0,0,3,3130,0,2013,1923,9006 116th Ave NE,Kirkland,WA 98033,USA,6.945237521,44.71740991,0.357090981,999000,[3]
3852,2014/7/8 0:00,4,3.75,4740,126759,2.0,0,0,4,4740,0,1991,0,27125-27131 SE 175th Pl,Issaquah,WA 98027,USA,7.904655273,11.31328004,0.623874139,1049000,[3]
3853,2014/7/8 0:00,2,2.0,2360,11340,1.5,0,0,3,2360,0,1997,0,3063-3103 84th Ave SE,Mercer Island,WA 98040,USA,7.913290834,56.35324576,0.390949103,1087500,[2]
3854,2014/7/8 0:00,4,2.5,3180,31931,1.0,0,0,4,2390,790,1978,2000,3108 142nd Pl NE,Bellevue,WA 98007,USA,7.592063106,44.61337337,0.156380105,1115000,[2]
3855,2014/7/8 0:00,3,2.25,2790,13791,1.0,0,3,3,2790,0,2006,0,18125 Brittany Dr SW,Normandy Park,WA 98166,USA,7.713585859,49.64100405,0.589225718,1131000,[2]
3856,2014/7/8 0:00,3,2.5,3830,48743,2.0,0,0,3,3830,0,1991,0,16123 SE 44th Way,Bellevue,WA 98006,USA,6.876152021,33.84786874,0.771543922,1150000,[1]
3857,2014/7/8 0:00,4,3.5,3960,6654,2.0,0,0,3,2850,1110,2006,0,2905 25th Ave W,Seattle,WA 98199,USA,7.890027802,37.03499498,0.721134262,1195000,[3]
3858,2014/7/8 0:00,4,3.5,3150,5500,2.0,0,0,3,3150,0,2014,0,4908 32nd Ave NE,Seattle,WA 98105,USA,7.610026534,49.77034008,0.284938272,1205000,[3]
3859,2014/7/8 0:00,4,5.25,6500,14986,2.0,0,0,3,5180,1320,2001,0,2205 78th Ave NE,Medina,WA 98039,USA,6.470097263,56.16163442,0.990986891,2458000,[3]
3860,2014/7/9 0:00,3,1.0,960,27442,1.0,0,0,4,960,0,1970,0,15416 SE Jones Rd,Renton,WA 98058,USA,6.011529713,22.33931188,0.049720434,137124,[3]
3861,2014/7/9 0:00,3,0.75,490,38500,1.5,0,0,4,490,0,1959,0,11881 Tye River Rd NE,Skykomish,WA 98288,USA,7.187024933,36.07338348,0.08298667,150000,[2]
3862,2014/7/9 0:00,4,1.0,1600,10183,1.0,0,0,4,1600,0,1966,0,3516 O St SE,Auburn,WA 98002,USA,6.057597183,14.81117832,0.184775016,154950,[3]
3863,2014/7/9 0:00,2,1.0,840,11600,1.0,0,0,3,840,0,1952,2008,12314-12426 24th Ave S,Burien,WA 98168,USA,7.750904452,28.00714134,0.051742924,187000,[3]
3864,2014/7/9 0:00,3,2.5,1610,7223,2.0,0,0,3,1610,0,1994,0,26306 127th Ave SE,Kent,WA 98030,USA,7.381693559,16.9363768,0.175052878,210614,[3]
3865,2014/7/9 0:00,3,1.75,1770,29004,1.0,0,0,3,1770,0,1959,1989,2253 SW 313th St,Federal Way,WA 98023,USA,6.260280072,11.62381419,0.474740046,215000,[3]
3866,2014/7/9 0:00,4,1.5,1860,5040,1.5,0,0,5,1860,0,1920,0,1730 Washington Ave,Enumclaw,WA 98022,USA,7.626507838,13.07442417,0.768396345,215000,[0]
3867,2014/7/9 0:00,3,1.0,1200,7280,1.0,0,0,4,1200,0,1967,0,4503 S 256th St,Kent,WA 98032,USA,7.438992777,20.66652043,0.563452974,215000,[1]
3868,2014/7/9 0:00,3,1.0,990,4440,1.0,0,0,3,990,0,1943,2002,9025 15th Ave SW,Seattle,WA 98106,USA,6.61958242,32.23766325,0.520028508,226550,[0]
3869,2014/7/9 0:00,4,2.25,2010,7688,1.0,0,0,3,1170,840,1979,2014,32701-32911 49th Pl SW,Federal Way,WA 98023,USA,6.786673417,13.90582854,0.753366764,229000,[0]
3870,2014/7/9 0:00,3,1.5,1940,9887,1.0,0,0,4,1140,800,1969,0,450 S 305th St,Federal Way,WA 98003,USA,6.530389893,13.56447984,0.939383412,232500,[1]
3871,2014/7/9 0:00,2,1.75,1460,7926,1.0,0,0,4,1460,0,1987,0,26231 187th Pl SE,Covington,WA 98042,USA,6.872617649,19.9584881,0.691838775,237950,[0]
3872,2014/7/9 0:00,3,1.0,990,8062,1.0,0,0,4,990,0,1960,2001,20824-20836 Occidental Ave S,Des Moines,WA 98198,USA,7.735023645,30.19985634,0.300504091,250000,[1]
3873,2014/7/9 0:00,4,1.75,1120,8250,1.0,0,0,4,1120,0,1966,0,12224 SE 165th St,Renton,WA 98058,USA,7.88595232,28.50397062,0.003770915,252000,[0]
3874,2014/7/9 0:00,4,2.5,1660,8063,1.0,0,0,4,1660,0,1978,2000,25139 11th Ave S,Des Moines,WA 98198,USA,6.850267844,22.3161403,0.293901072,270000,[0]
3875,2014/7/9 0:00,4,2.0,2030,8426,2.0,0,0,3,2030,0,1944,0,3515 S 137th St,Tukwila,WA 98168,USA,6.716079786,16.49832887,0.884749372,275000,[0]
3876,2014/7/9 0:00,3,1.0,1200,7800,1.0,0,0,4,1200,0,1954,1979,9246 30th Ave SW,Seattle,WA 98126,USA,6.524073964,29.37022878,0.885551479,275000,[1]
3877,2014/7/9 0:00,4,1.75,1880,8800,1.0,0,0,3,1130,750,1960,2012,10000-10026 S 100th St,Seattle,WA 98168,USA,6.217054025,21.28255569,0.644272167,284000,[1]
3878,2014/7/9 0:00,3,1.5,1500,10018,1.0,0,0,4,1500,0,1957,2001,15012 133rd Ave SE,Renton,WA 98058,USA,7.047995703,21.87455147,0.746987078,284000,[0]
3879,2014/7/9 0:00,5,1.5,1730,9230,1.0,0,0,3,1010,720,1962,2003,1724 Edmonds Way SE,Renton,WA 98058,USA,6.759587522,20.72204347,0.716042988,287000,[0]
3880,2014/7/9 0:00,3,1.5,1950,15954,1.0,0,0,4,1950,0,1959,0,1020 S 299th Pl,Federal Way,WA 98003,USA,7.917549084,13.15901225,0.687440293,290000,[3]
3881,2014/7/9 0:00,2,1.0,800,6500,1.0,0,0,4,800,0,1953,1983,108 N 183rd St,Shoreline,WA 98133,USA,7.313551697,47.53194171,0.355465502,295000,[3]
3882,2014/7/9 0:00,3,2.5,1460,3044,2.0,0,0,3,1460,0,2000,0,6511 29th Ave S,Seattle,WA 98108,USA,7.857756514,24.33892058,0.863581066,299880,[3]
3883,2014/7/9 0:00,4,1.75,1820,5015,1.0,0,0,4,1190,630,1926,1993,1714 S Pearl St,Seattle,WA 98108,USA,7.260754225,20.3037787,0.870417623,300000,[3]
3884,2014/7/9 0:00,3,1.5,1800,12196,1.0,0,0,4,1800,0,1966,0,30002 8th Ave SW,Federal Way,WA 98023,USA,7.91946947,15.41440583,0.882809965,305000,[3]
3885,2014/7/9 0:00,3,1.0,1450,7200,1.0,0,0,3,1010,440,1969,2010,10606 NE 143rd Pl,Kirkland,WA 98034,USA,6.236515748,32.13697326,0.342673249,306000,[3]
3886,2014/7/9 0:00,3,1.75,1510,6360,1.0,0,0,4,1510,0,1954,1979,501 N 143rd St,Seattle,WA 98133,USA,7.68255237,26.55344128,0.002647915,308167,[3]
3887,2014/7/9 0:00,3,2.25,1980,8755,1.0,0,0,4,1300,680,1963,0,23300-23306 10th Ave S,Des Moines,WA 98198,USA,7.700777292,18.00757956,0.510658141,309000,[0]
3888,2014/7/9 0:00,3,1.5,1460,9908,1.0,0,0,3,1460,0,1952,2008,19539 4th Ave S,Des Moines,WA 98148,USA,7.863115465,24.97067529,0.299494443,310000,[3]
3889,2014/7/9 0:00,3,1.0,1370,6780,2.0,0,0,3,1370,0,1930,1997,12008 35th Ave NE,Seattle,WA 98125,USA,7.05875493,31.25225754,0.695285509,335500,[3]
3890,2014/7/9 0:00,3,1.0,1600,7324,1.0,0,0,4,1600,0,1958,1972,1496 Aberdeen Ave NE,Renton,WA 98056,USA,6.035500656,34.39255213,0.17821838,340000,[3]
3891,2014/7/9 0:00,3,2.5,1590,3411,2.0,0,0,3,1590,0,2000,0,7828 Douglas Ave SE,Snoqualmie,WA 98065,USA,6.083586794,35.46060504,0.626135382,356000,[3]
3892,2014/7/9 0:00,3,1.5,1550,4980,1.0,0,0,3,1080,470,1978,0,10304 Interlake Ave N,Seattle,WA 98133,USA,7.151094487,32.02791409,0.112216601,359000,[3]
3893,2014/7/9 0:00,3,2.25,1390,1484,3.0,0,0,3,1390,0,2007,0,8548 Nesbit Ave N,Seattle,WA 98103,USA,6.520141865,40.84683428,0.491454053,374950,[3]
3894,2014/7/9 0:00,3,2.5,1530,2913,2.0,0,0,4,1530,0,1986,0,11807 NE 105th Ct,Kirkland,WA 98033,USA,7.910126994,30.75103957,0.29666086,379000,[3]
3895,2014/7/9 0:00,4,2.75,1970,37026,1.0,0,0,4,1970,0,1961,2001,18625 Ridge Rd SW,Vashon,WA 98070,USA,7.774321999,22.73208572,0.162752668,395000,[3]
3896,2014/7/9 0:00,2,1.0,930,6380,1.0,0,0,4,930,0,1940,2001,548 NE 86th St,Seattle,WA 98115,USA,7.101464988,53.22558646,0.959644279,395000,[3]
3897,2014/7/9 0:00,5,2.75,1970,5400,1.0,0,0,3,1320,650,1986,0,1770 19th Ave S,Seattle,WA 98144,USA,6.908002888,28.0925759,0.473007933,399950,[3]
3898,2014/7/9 0:00,3,2.0,1760,6875,1.0,0,0,4,1760,0,1967,0,Brooktrails Trail 14,Woodinville,WA 98072,USA,6.802977285,31.44398162,0.502745888,400000,[3]
3899,2014/7/9 0:00,5,3.25,3320,11340,2.0,0,0,4,2480,840,1999,0,14014 SE 236th Pl,Kent,WA 98042,USA,6.659408784,17.85548972,0.190058012,409124,[3]
3900,2014/7/9 0:00,3,1.75,1660,6250,1.0,0,0,3,830,830,1980,0,1919 42nd Ave SW,Seattle,WA 98116,USA,6.053984408,39.28646395,0.401354116,410000,[0]
3901,2014/7/9 0:00,4,3.5,3360,9767,2.0,0,0,3,2450,910,1990,2009,32648-33020 10th Ave SW,Federal Way,WA 98023,USA,7.376148508,15.92355434,0.240868823,412000,[0]
3902,2014/7/9 0:00,4,1.5,1840,11367,1.5,0,0,4,1840,0,1950,1983,18820 1st Ave NW,Shoreline,WA 98177,USA,6.739801337,27.72024804,0.929819549,415000,[0]
3903,2014/7/9 0:00,3,2.5,3010,7014,2.0,0,0,3,3010,0,2009,0,759 Ilwaco Pl NE,Renton,WA 98059,USA,6.584993647,19.31038825,0.739518036,416904,[0]
3904,2014/7/9 0:00,2,1.0,1320,8830,1.0,0,0,3,1020,300,1939,1969,2603 36th Ave W,Seattle,WA 98199,USA,6.498086829,46.85652605,0.402406748,425000,[0]
3905,2014/7/9 0:00,4,2.5,2550,5200,2.0,0,0,3,2550,0,2009,0,576 Field Pl NE,Renton,WA 98059,USA,7.057953873,22.37779575,0.87869501,435000,[0]
3906,2014/7/9 0:00,3,1.5,1270,1413,3.0,0,0,3,1270,0,2007,0,1018 NE 96th St,Seattle,WA 98115,USA,7.107529335,47.87292716,0.783838549,440000,[0]
3907,2014/7/9 0:00,3,2.25,1920,8223,2.0,0,0,4,1920,0,1989,0,14808 104th Ave NE,Bothell,WA 98011,USA,6.18230335,36.51340976,0.188543619,443000,[0]
3908,2014/7/9 0:00,4,2.5,1980,6660,2.0,0,0,4,1980,0,1974,0,12812 130th Ct NE,Kirkland,WA 98034,USA,6.754601173,33.98613086,0.188187513,463000,[0]
3909,2014/7/9 0:00,4,2.5,2100,8400,1.0,0,0,4,1240,860,1976,1992,14634 128th Ave NE,Woodinville,WA 98072,USA,6.542520612,31.44958961,0.653324446,468000,[0]
3910,2014/7/9 0:00,4,2.25,2380,17199,2.0,0,0,3,1530,850,1979,2014,5504 NE 190th St,Kenmore,WA 98028,USA,7.925079422,24.77841531,0.019348271,470000,[0]
3911,2014/7/9 0:00,5,2.75,2550,7725,1.0,0,0,5,1390,1160,1967,0,12570 SE 72nd St,Newcastle,WA 98056,USA,7.205532669,25.22587527,0.296374841,480000,[0]
3912,2014/7/9 0:00,4,2.5,3560,12047,2.0,0,0,3,3560,0,1988,2000,509 SW 335th St,Federal Way,WA 98023,USA,6.310589627,19.86555896,0.52228903,486000,[0]
3913,2014/7/9 0:00,4,2.5,2540,5001,2.0,0,0,3,2540,0,2005,0,6732 Mars Ave S,Seattle,WA 98108,USA,7.977139509,23.50820801,0.267667307,487000,[0]
3914,2014/7/9 0:00,3,2.0,2660,192099,1.0,0,0,4,2660,0,1964,0,43600-43610 244th Ave SE,Enumclaw,WA 98022,USA,6.259944559,18.78574726,0.151505708,495000,[0]
3915,2014/7/9 0:00,2,1.75,1350,4614,1.0,0,0,3,1350,0,2008,0,12412 243rd Terrace NE,Redmond,WA 98053,USA,6.30489598,56.57198625,0.594048504,498800,[0]
3916,2014/7/9 0:00,3,1.75,2140,40098,1.0,0,0,5,1490,650,1950,0,17295-17403 SE 192nd Dr,Renton,WA 98058,USA,7.106668382,23.91283808,0.502967048,507000,[0]
3917,2014/7/9 0:00,4,2.5,3670,9958,2.0,0,0,3,3670,0,2005,0,13559 SE 159th Pl,Renton,WA 98058,USA,7.681050129,17.89488523,0.268708608,525000,[0]
3918,2014/7/9 0:00,4,2.75,2910,6308,1.0,0,0,3,1640,1270,1985,0,14812 104th Ave NE,Bothell,WA 98011,USA,6.845591827,26.03323506,0.148220521,525000,[0]
3919,2014/7/9 0:00,4,1.75,1710,10440,1.0,0,0,4,1710,0,1955,2009,3834 136th Ave SE,Bellevue,WA 98006,USA,7.947017684,32.82828057,0.950781453,525000,[0]
3920,2014/7/9 0:00,3,2.5,1790,3078,2.0,0,0,3,1790,0,2010,0,4528 W Lake Sammamish Pkwy SE,Issaquah,WA 98027,USA,6.086056937,47.16968812,0.861129612,530000,[2]
3921,2014/7/9 0:00,3,2.5,1460,7573,2.0,0,0,3,1460,0,1983,2009,14855 SE 10th Pl,Bellevue,WA 98007,USA,6.282432749,54.54229325,0.715730895,534333,[1]
3922,2014/7/9 0:00,3,2.5,2760,17377,2.0,0,0,3,2760,0,2002,0,615 Bronson Pl NE,Renton,WA 98056,USA,6.004608219,32.19321675,0.109935278,545000,[1]
3923,2014/7/9 0:00,4,1.75,2150,9000,1.0,0,0,4,1110,1040,1966,0,17010 NE 88th St,Redmond,WA 98052,USA,7.219581086,33.98027789,0.347123113,550000,[1]
3924,2014/7/9 0:00,3,2.0,1970,4166,2.0,0,3,5,1270,700,1929,0,3608 34th Ave SW,Seattle,WA 98126,USA,7.089029578,39.33811868,0.021260999,550000,[2]
3925,2014/7/9 0:00,4,1.0,1440,3600,1.5,0,0,4,1440,0,1924,0,3822 42nd Ave SW,Seattle,WA 98116,USA,7.114889535,51.52710432,0.86212381,550000,[2]
3926,2014/7/9 0:00,3,2.5,1960,6058,2.0,0,0,3,1960,0,2002,0,2501-2507 248th Terrace NE,Sammamish,WA 98074,USA,7.573091101,34.69358082,0.981612533,560000,[1]
3927,2014/7/9 0:00,4,2.5,2570,5250,2.0,0,0,3,2570,0,1990,2009,3654 254th Ave SE,Issaquah,WA 98029,USA,6.529301457,31.40079598,0.994347581,561000,[2]
3928,2014/7/9 0:00,3,2.5,2500,7394,2.0,0,0,3,2500,0,1990,2009,12440 NE 160th St,Woodinville,WA 98072,USA,7.156985629,30.37447129,0.406771948,565000,[2]
3929,2014/7/9 0:00,3,3.25,2220,8227,1.5,0,0,5,1770,450,1929,0,4123 13th Ave S,Seattle,WA 98108,USA,6.053446983,39.50615171,0.764844515,569000,[1]
3930,2014/7/9 0:00,6,3.75,4000,6015,2.0,0,2,3,3080,920,2004,2003,16638 SE 167th St,Renton,WA 98058,USA,7.921209355,17.34506573,0.428669364,570000,[2]
3931,2014/7/9 0:00,3,1.75,1850,5100,1.0,0,0,3,1020,830,1909,2004,4408 Thackeray Pl NE,Seattle,WA 98105,USA,6.524025823,46.26252717,0.650291499,580000,[2]
3932,2014/7/9 0:00,3,2.5,2600,5100,2.0,0,1,3,2600,0,1998,2006,1007 N 29th St,Renton,WA 98056,USA,6.225586899,35.44298722,0.292945622,583000,[1]
3933,2014/7/9 0:00,3,2.5,2650,9380,1.0,0,0,5,1680,970,1975,0,4765 NE 203rd St,Lake Forest Park,WA 98155,USA,7.30265656,28.4878592,0.564998885,590000,[2]
3934,2014/7/9 0:00,4,2.5,2720,10006,2.0,0,0,3,2720,0,1989,0,2201 223rd Pl NE,Sammamish,WA 98074,USA,6.079332096,33.28793288,0.731680157,594950,[2]
3935,2014/7/9 0:00,4,3.25,3730,4560,2.0,0,0,3,2760,970,2013,1923,2318 N 60th St,Seattle,WA 98103,USA,7.551534791,21.03462858,0.072974847,595000,[2]
3936,2014/7/9 0:00,7,2.5,2580,5750,1.0,0,0,4,1880,700,1901,0,125 30th Ave,Seattle,WA 98122,USA,6.944691147,32.34666643,0.486701993,599000,[2]
3937,2014/7/9 0:00,3,3.25,1830,1804,3.0,0,0,3,1830,0,2014,0,1501 NW 90th St,Seattle,WA 98117,USA,7.762436153,41.69482532,0.547311603,599950,[3]
3938,2014/7/9 0:00,3,2.5,2630,5827,2.0,0,0,3,2630,0,2001,0,9954 227th Way NE,Redmond,WA 98053,USA,7.933722332,27.09643454,0.965052933,610000,[2]
3939,2014/7/9 0:00,3,2.0,2250,14274,1.0,0,0,4,1500,750,1964,0,3726 Gallagher Hill Rd,Mercer Island,WA 98040,USA,6.126053305,40.4067128,0.775922678,624800,[2]
3940,2014/7/9 0:00,4,1.0,1600,5500,1.5,0,0,4,1600,0,1946,1989,9510 28th Ave NW,Seattle,WA 98117,USA,7.073458401,51.82135825,0.989873126,625000,[2]
3941,2014/7/9 0:00,3,1.75,1710,8767,1.0,0,0,4,1710,0,1986,0,10515 115th Pl NE,Kirkland,WA 98033,USA,6.688472474,53.1910146,0.369028794,630000,[3]
3942,2014/7/9 0:00,4,2.5,3080,35430,2.0,0,0,3,3080,0,1997,0,9788-16090 NE Quail Creek Dr,Redmond,WA 98053,USA,7.203994547,17.20835302,0.991922499,635000,[2]
3943,2014/7/9 0:00,4,2.75,3510,9400,2.0,0,0,3,3510,0,2014,0,6504-6618 NE 1st St,Renton,WA 98059,USA,7.048120138,26.54486201,0.049194778,659950,[3]
3944,2014/7/9 0:00,4,2.5,2510,4543,2.0,0,0,3,2510,0,2002,0,22518 SE 15th Pl,Sammamish,WA 98075,USA,7.602899647,33.13397002,0.801831401,660000,[2]
3945,2014/7/9 0:00,4,2.75,2100,4480,1.5,0,0,4,1780,320,1928,0,5519 31st Ave NE,Seattle,WA 98105,USA,6.831802825,47.22445993,0.048381347,679000,[1]
3946,2014/7/9 0:00,3,2.0,1780,5720,1.0,0,0,5,980,800,1925,0,537 N 70th St,Seattle,WA 98103,USA,7.653465581,48.48667388,0.444468433,680000,[2]
3947,2014/7/9 0:00,4,2.75,3710,7984,2.0,0,0,3,3710,0,1999,0,7313 Chanticleer Ave SE,Snoqualmie,WA 98065,USA,7.982149591,22.11990314,0.587579946,692500,[3]
3948,2014/7/9 0:00,4,3.5,3650,38546,2.0,0,0,3,2550,1100,1996,0,45804 SE 137th St,North Bend,WA 98045,USA,7.491179548,24.84038253,0.058160916,696000,[2]
3949,2014/7/9 0:00,4,2.5,3350,35298,2.0,0,0,4,3350,0,1985,0,22720 NE 46th St,Redmond,WA 98053,USA,7.370281287,22.58746026,0.62579951,720500,[1]
3950,2014/7/9 0:00,4,3.25,4280,47179,2.0,0,0,3,3050,1230,2002,0,33518 161st Ln SE,Auburn,WA 98092,USA,7.669781514,12.78514337,0.871228683,734950,[3]
3951,2014/7/9 0:00,2,2.25,2290,9772,1.0,0,0,3,2290,0,2007,0,13555 Adair Creek Way NE,Redmond,WA 98053,USA,7.582936148,42.12014167,0.075396981,737000,[2]
3952,2014/7/9 0:00,3,1.75,2320,10900,2.0,0,0,3,2320,0,1935,1974,8038 42nd Ave NE,Seattle,WA 98115,USA,6.793358062,42.79680032,0.85076551,737500,[3]
3953,2014/7/9 0:00,4,2.5,3360,15091,2.0,0,0,3,3360,0,1997,0,6520 154th Ave NE,Redmond,WA 98052,USA,7.905206495,24.75336571,0.691662855,740000,[2]
3954,2014/7/9 0:00,2,2.5,2150,5760,1.0,0,0,3,2150,0,2010,0,12468 240th Pl NE,Redmond,WA 98053,USA,7.617442587,42.6999382,0.961373967,741500,[2]
3955,2014/7/9 0:00,3,2.75,2820,5348,2.0,0,0,3,2820,0,2008,0,12070 166th Pl NE,Redmond,WA 98052,USA,6.96873885,37.12766785,0.519814749,749000,[2]
3956,2014/7/9 0:00,4,2.75,2700,6000,2.0,0,0,4,2100,600,1910,0,1925 Walnut Ave SW,Seattle,WA 98116,USA,7.230918077,37.77468044,0.265222823,749000,[2]
3957,2014/7/9 0:00,4,2.75,2910,18700,1.0,0,0,3,2210,700,1957,1995,821 NW 175th St,Shoreline,WA 98177,USA,7.818519581,31.73043501,0.191664566,749950,[3]
3958,2014/7/9 0:00,4,2.5,3020,7465,2.0,0,0,3,3020,0,2004,2003,1125 270th Pl SE,Sammamish,WA 98075,USA,7.631043485,32.4717253,0.029222716,750000,[3]
3959,2014/7/9 0:00,4,1.75,2100,4750,1.0,0,0,3,1340,760,1975,0,5626 Keystone Pl N,Seattle,WA 98103,USA,7.633240504,47.10438334,0.108277602,759000,[2]
3960,2014/7/9 0:00,4,2.25,3300,8365,3.0,0,0,3,3300,0,2014,0,7335 35th Ave SW,Seattle,WA 98126,USA,7.576282799,29.71284897,0.270250301,760000,[2]
3961,2014/7/9 0:00,4,1.75,2000,3988,1.0,0,4,4,1000,1000,1958,1972,1322 Alki Ave SW,Seattle,WA 98116,USA,7.400858573,53.98213459,0.371738189,810000,[2]
3962,2014/7/9 0:00,3,2.0,2783,11177,2.0,0,0,3,2783,0,1910,1999,3672 SW Orchard St,Seattle,WA 98126,USA,7.931917038,35.41031051,0.657990944,840000,[1]
3963,2014/7/9 0:00,5,4.5,4030,13474,2.0,0,0,3,4030,0,2000,0,25758 SE 31st Pl,Sammamish,WA 98075,USA,6.735379858,35.94980545,0.145379453,989000,[2]
3964,2014/7/9 0:00,4,3.5,4440,10660,2.0,0,0,3,4440,0,2003,0,15124 SE 82nd Ct,Newcastle,WA 98059,USA,6.143397437,37.2773089,0.3084292,1037000,[2]
3965,2014/7/9 0:00,4,3.75,4260,9800,2.0,0,0,3,4260,0,2008,0,7811 126th Ave NE,Kirkland,WA 98033,USA,7.764704576,31.66879758,0.22959554,1065000,[1]
3966,2014/7/9 0:00,5,3.5,5430,10327,2.0,0,2,3,4010,1420,2007,0,6151 168th Pl SE,Bellevue,WA 98006,USA,6.037562387,36.41887209,0.738493761,1240000,[2]
3967,2014/7/9 0:00,4,3.5,3550,11000,1.0,0,2,3,2260,1290,1999,0,15317 SE 58th St,Bellevue,WA 98006,USA,7.770044963,48.11026664,0.32692897,1355000,[2]
3968,2014/7/9 0:00,6,4.5,4230,6420,2.0,0,3,4,2360,1870,1916,0,1206 9th Ave W,Seattle,WA 98119,USA,7.378449339,46.24468242,0.457351616,1465000,[2]
3969,2014/7/9 0:00,5,5.25,4830,18707,2.0,0,1,5,3930,900,1952,1998,6702 SE 28th St,Mercer Island,WA 98040,USA,6.115043993,55.59897946,0.339591803,1681000,[1]
3970,2014/7/9 0:00,5,4.75,5780,17004,2.0,0,0,3,4260,1520,2006,0,9403 SE 33rd St,Mercer Island,WA 98040,USA,7.294596456,54.98623547,0.021188278,2321000,[2]
3971,2014/7/10 0:00,4,2.0,2090,6630,1.0,0,0,3,1070,1020,1974,0,5148 S Creston St,Seattle,WA 98178,USA,7.578358763,10.94849137,0.596868399,203400,[2]
3972,2014/7/10 0:00,3,2.5,1490,8102,2.0,0,0,4,1490,0,1990,0,18717 SE 258th St,Covington,WA 98042,USA,6.164957759,23.5075696,0.093385637,220600,[2]
3973,2014/7/10 0:00,3,1.75,1580,9187,1.0,0,0,3,1180,400,1993,0,27621 221st Ave SE,Maple Valley,WA 98038,USA,7.310674593,19.0446976,0.640488743,263000,[1]
3974,2014/7/10 0:00,3,2.5,1530,6000,2.0,0,0,4,1530,0,1991,0,22923 SE 282nd St,Maple Valley,WA 98038,USA,6.601301527,23.89863692,0.596447384,265000,[2]
3975,2014/7/10 0:00,3,2.25,1720,7885,2.0,0,0,3,1720,0,1983,2009,32237 7th Ave SW,Federal Way,WA 98023,USA,6.920093647,23.91799582,0.102091089,290256,[2]
3976,2014/7/10 0:00,4,2.5,2800,9538,2.0,0,0,3,2800,0,1993,0,2110 S 373rd Ct,Federal Way,WA 98003,USA,7.518994545,13.74111859,0.846471473,350000,[2]
3977,2014/7/10 0:00,4,1.0,1170,8147,1.5,0,0,3,1170,0,1959,1989,3611 NE 137th St,Seattle,WA 98125,USA,6.14750535,44.79510683,0.555221352,350000,[2]
3978,2014/7/10 0:00,3,2.5,2110,4038,2.0,0,0,4,2110,0,1989,0,23884 140th Ln SE,Kent,WA 98042,USA,6.705207091,24.18529142,0.473740187,355000,[2]
3979,2014/7/10 0:00,4,2.5,2380,5000,2.0,0,0,3,2380,0,2005,0,22840 SE 269th St,Maple Valley,WA 98038,USA,6.621426772,20.94309928,0.904874104,360000,[3]
3980,2014/7/10 0:00,3,1.0,1470,6500,1.0,0,0,4,1470,0,1953,1983,14429 22nd Ave SW,Burien,WA 98166,USA,7.530818968,35.27945929,0.397253041,410000,[2]
3981,2014/7/10 0:00,4,2.5,2700,6515,2.0,0,0,3,2700,0,1998,2006,18563 173rd Way SE,Renton,WA 98058,USA,7.190977537,20.3592913,0.666208392,426500,[2]
3982,2014/7/10 0:00,4,2.0,1560,7500,1.0,0,0,4,1560,0,1968,0,14206 119th Ave NE,Kirkland,WA 98034,USA,7.028120171,36.47062139,0.742558744,439000,[2]
3983,2014/7/10 0:00,4,1.75,1520,7700,1.0,0,0,4,1520,0,1967,0,14812 113th Ave NE,Kirkland,WA 98034,USA,6.612748529,47.31217687,0.479149986,499950,[2]
3984,2014/7/10 0:00,2,1.0,1240,57000,1.0,0,0,3,1240,0,1962,2003,21014 SE 14th Pl,Sammamish,WA 98075,USA,6.269168773,44.58481416,0.443294285,505000,[2]
3985,2014/7/10 0:00,2,2.0,2930,14057,1.0,0,2,4,1680,1250,1980,0,22514 101st Ln SW,Vashon,WA 98070,USA,6.013989144,29.85101495,0.22469745,545000,[3]
3986,2014/7/10 0:00,4,2.75,2600,36583,1.0,0,0,5,1580,1020,1976,0,21301-21399 SE 19th St,Sammamish,WA 98075,USA,7.894840467,20.4266819,0.660314342,610000,[2]
3987,2014/7/10 0:00,4,2.0,1840,5419,1.0,0,0,4,920,920,1942,1982,3051 36th Ave W,Seattle,WA 98199,USA,6.678525534,50.81996676,0.400639057,639000,[2]
3988,2014/7/10 0:00,3,2.0,2320,10960,1.0,0,0,3,1510,810,1956,2001,12423 NE 6th Pl,Bellevue,WA 98005,USA,6.92015983,37.43412187,0.744990296,657500,[2]
3989,2014/7/10 0:00,3,2.5,2700,1438,2.0,0,0,3,1280,1420,2003,0,746 Boylston Ave E,Seattle,WA 98102,USA,6.744481436,36.33477898,0.859925809,670000,[2]
3990,2014/7/10 0:00,4,2.5,3340,8930,2.0,0,2,3,3340,0,1999,0,35505 SE English St,Snoqualmie,WA 98065,USA,6.595696262,31.88773534,0.297542624,720000,[2]
3991,2014/7/10 0:00,2,1.75,1950,2719,1.0,0,0,5,1010,940,1919,1934,3609-3615 Whitman Ave N,Seattle,WA 98103,USA,7.95453752,46.08076397,0.472768783,725000,[2]
3992,2014/7/10 0:00,3,2.5,2820,8159,2.0,0,0,3,2820,0,2004,2003,3243 NE Mulberry St,Issaquah,WA 98029,USA,6.761818828,36.5194689,0.700289522,735000,[2]
3993,2014/7/10 0:00,6,2.75,2980,5000,1.5,0,0,3,2480,500,1916,1986,5428 Kirkwood Pl N,Seattle,WA 98103,USA,7.109547099,35.15882173,0.847012289,775000,[3]
3994,2014/7/10 0:00,3,2.75,2220,4000,2.0,0,0,3,1700,520,1914,2000,1718 32nd Ave,Seattle,WA 98122,USA,7.044173145,50.1264383,0.572087394,800000,[2]
3995,2014/7/10 0:00,4,3.5,3840,85728,2.0,0,0,3,3840,0,1998,2006,615 289th Ave NE,Carnation,WA 98014,USA,6.242421702,22.24442969,0.57326138,840000,[3]
3996,2014/7/10 0:00,5,2.0,2310,13430,1.5,0,0,4,2310,0,1966,0,3200 102nd Ave NE,Bellevue,WA 98004,USA,6.74241442,51.50873322,0.527358574,850000,[2]
3997,2014/7/10 0:00,4,2.5,3360,22111,2.0,0,0,3,3360,0,1994,0,24142 SE 18th Pl,Sammamish,WA 98075,USA,6.289534299,39.22406753,0.36014239,879000,[2]
3998,2014/7/10 0:00,6,2.5,2640,3680,2.0,0,0,5,1760,880,1922,1956,3008 38th Ave SW,Seattle,WA 98126,USA,7.108628089,46.20393547,0.493161914,880000,[2]
3999,2014/7/10 0:00,5,4.25,6070,171626,2.0,0,0,3,6070,0,1999,0,29433 SE 15th Pl,Fall City,WA 98024,USA,7.87867549,13.29284698,0.676156261,1550000,[2]
