Train Loss,Test Loss,Train Accuracy,Test Accuracy
1.3854272603988647,1.3841095566749573,0.23333333432674408,0.25
1.3791549921035766,1.3795757293701172,0.3769444525241852,0.3474999964237213
1.3656152486801147,1.3706838488578796,0.3769444525241852,0.3474999964237213
1.3413401603698731,1.3573150038719177,0.3769444525241852,0.3474999964237213
1.332785415649414,1.3622108697891235,0.3769444525241852,0.3474999964237213
1.3366323471069337,1.348264753818512,0.3769444525241852,0.3474999964237213
1.323954701423645,1.3405513763427734,0.38749998807907104,0.36000001430511475
1.320755386352539,1.3324861526489258,0.3891666531562805,0.375
1.2869647026062012,1.3294105529785156,0.42750000953674316,0.38749998807907104
1.2865618228912354,1.3186525106430054,0.44611111283302307,0.3799999952316284
1.273213505744934,1.3182957768440247,0.4358333349227905,0.375
1.285557746887207,1.3156391978263855,0.4444444477558136,0.39750000834465027
1.2762650012969972,1.3060465455055237,0.4533333480358124,0.41999998688697815
1.2787086963653564,1.293283998966217,0.45472222566604614,0.41749998927116394
1.2762791156768798,1.2924487590789795,0.45500001311302185,0.42250001430511475
1.2628854513168335,1.284180223941803,0.46138888597488403,0.41499999165534973
1.2688985824584962,1.278948724269867,0.4602777659893036,0.42250001430511475
1.2666565895080566,1.2822088599205017,0.46416667103767395,0.41499999165534973
1.257173752784729,1.2642619609832764,0.46833333373069763,0.42250001430511475
1.2491346836090087,1.2681599259376526,0.46888887882232666,0.4124999940395355
1.2586379051208496,1.2714165449142456,0.47083333134651184,0.4124999940395355
1.2489094734191895,1.2640579342842102,0.4738888740539551,0.4325000047683716
1.2376718997955323,1.239880621433258,0.4794444441795349,0.4375
1.235643219947815,1.2288653254508972,0.5013889074325562,0.5074999928474426
1.224396014213562,1.2173972725868225,0.5002777576446533,0.4950000047683716
1.2206114053726196,1.1949254870414734,0.5047222375869751,0.5174999833106995
1.2053160667419434,1.182041049003601,0.5263888835906982,0.550000011920929
1.2322163105010986,1.1893901824951172,0.49388888478279114,0.5299999713897705
1.2212378978729248,1.1832650899887085,0.5,0.5450000166893005
1.2135773420333862,1.1676430702209473,0.5105555653572083,0.5575000047683716
1.1946801900863648,1.147141933441162,0.5363888740539551,0.5774999856948853
1.1882558822631837,1.1453922390937805,0.5313888788223267,0.5550000071525574
1.1938221454620361,1.139724612236023,0.5336111187934875,0.5774999856948853
1.1877054691314697,1.1383249759674072,0.5450000166893005,0.5899999737739563
1.2005860805511475,1.1637295484542847,0.5252777934074402,0.5674999952316284
1.1854531288146972,1.1405611038208008,0.5425000190734863,0.5924999713897705
1.1843607664108275,1.1307772994041443,0.5422222018241882,0.6225000023841858
1.1949766874313354,1.1573007106781006,0.5441666841506958,0.5575000047683716
1.1823706865310668,1.1281236410140991,0.5536110997200012,0.5924999713897705
1.1737160444259644,1.123905062675476,0.5566666722297668,0.6150000095367432
1.1746508121490478,1.1202596426010132,0.5572222471237183,0.6100000143051147
1.180367398262024,1.1167466640472412,0.5605555772781372,0.6100000143051147
1.1637841701507567,1.1165339350700378,0.5633333325386047,0.6100000143051147
1.167703127861023,1.1187344789505005,0.5680555701255798,0.6150000095367432
1.1697392225265504,1.1182573437690735,0.5663889050483704,0.6025000214576721
1.1711961030960083,1.1230629682540894,0.5586110949516296,0.6050000190734863
1.1743871212005614,1.1236780881881714,0.5636110901832581,0.6225000023841858
1.1545386791229248,1.1191715598106384,0.573888897895813,0.6100000143051147
1.1615488290786744,1.113667070865631,0.5716666579246521,0.6225000023841858
1.16395902633667,1.1120209097862244,0.5724999904632568,0.612500011920929
1.1602338790893554,1.1059885025024414,0.5744444727897644,0.6349999904632568
1.1562893390655518,1.1189190745353699,0.5799999833106995,0.6150000095367432
1.1626585960388183,1.1056381464004517,0.5733333230018616,0.6150000095367432
1.15613853931427,1.1238477230072021,0.5802778005599976,0.6075000166893005
1.1588342189788818,1.1137818694114685,0.570555567741394,0.6299999952316284
1.1555076122283936,1.1290026903152466,0.5786111354827881,0.5924999713897705
1.1651100635528564,1.1188529133796692,0.5647222399711609,0.6075000166893005
1.1722964286804198,1.1201213002204895,0.5638889074325562,0.6050000190734863
1.141121220588684,1.1059653759002686,0.5841666460037231,0.6324999928474426
1.1498203039169312,1.1127970814704895,0.586388885974884,0.6075000166893005
1.151219129562378,1.1007038950920105,0.5838888883590698,0.625
1.1486935377120973,1.1174789071083069,0.5880555510520935,0.5899999737739563
1.1557992696762085,1.103050410747528,0.5727777481079102,0.6225000023841858
1.1423211336135863,1.1059054732322693,0.5922222137451172,0.625
1.1402787685394287,1.1111596822738647,0.590833306312561,0.5975000262260437
1.143371868133545,1.1029039025306702,0.5891666412353516,0.6175000071525574
1.1444446802139283,1.1125147342681885,0.590833306312561,0.6050000190734863
1.1408878326416017,1.1001006960868835,0.5936111211776733,0.6200000047683716
1.1435672521591187,1.1106858849525452,0.5952777862548828,0.6050000190734863
1.1343992710113526,1.1014424562454224,0.6025000214576721,0.6200000047683716
1.1343590021133423,1.0996333360671997,0.6063888669013977,0.6025000214576721
1.1354120254516602,1.0947132110595703,0.6105555295944214,0.6349999904632568
1.1328209161758422,1.0971470475196838,0.6052777767181396,0.6299999952316284
1.1339329481124878,1.097606599330902,0.6088888645172119,0.6274999976158142
1.1267743825912475,1.0871909260749817,0.6077777743339539,0.637499988079071
1.1394236087799072,1.0979310274124146,0.6000000238418579,0.6274999976158142
1.1357778310775757,1.0899637937545776,0.6013888716697693,0.6424999833106995
1.1219406366348266,1.0931437015533447,0.6102777719497681,0.6399999856948853
1.1177462577819823,1.0965858697891235,0.6105555295944214,0.6424999833106995
1.1194176435470582,1.0902093648910522,0.613611102104187,0.6324999928474426
1.1163442134857178,1.0840184688568115,0.6175000071525574,0.6499999761581421
1.1192421436309814,1.0908735990524292,0.621666669845581,0.637499988079071
1.119952654838562,1.088807761669159,0.6208333373069763,0.6449999809265137
1.1283623695373535,1.1035188436508179,0.6025000214576721,0.637499988079071
1.1166913986206055,1.0870811939239502,0.6208333373069763,0.6474999785423279
1.1207319259643556,1.0837193131446838,0.6219444274902344,0.6349999904632568
1.1366594314575196,1.114553451538086,0.6000000238418579,0.6175000071525574
1.1246492385864257,1.0753133893013,0.6108333468437195,0.6549999713897705
1.1212002038955688,1.0833585262298584,0.6086111068725586,0.6449999809265137
1.121311354637146,1.0894891619682312,0.6044444441795349,0.6499999761581421
1.1236714124679565,1.1019171476364136,0.617222249507904,0.6299999952316284
1.1402657985687257,1.0808069705963135,0.6008333563804626,0.6549999713897705
1.116176962852478,1.0868632197380066,0.620555579662323,0.6499999761581421
1.1181133270263672,1.0900275111198425,0.6219444274902344,0.6474999785423279
1.116922664642334,1.0948405861854553,0.6227777600288391,0.6399999856948853
1.1068076133728026,1.0721506476402283,0.6322222352027893,0.6549999713897705
1.1077594995498656,1.0760929584503174,0.6319444179534912,0.6650000214576721
1.1006004571914674,1.065159022808075,0.6341666579246521,0.6700000166893005
1.1056755304336547,1.0705393552780151,0.6341666579246521,0.6600000262260437
1.0998846530914306,1.0730035305023193,0.6311110854148865,0.6725000143051147
1.1044467210769653,1.091325044631958,0.6358333230018616,0.6399999856948853
1.0950119495391846,1.0550349354743958,0.6422222256660461,0.675000011920929
1.0979479551315308,1.0708186030387878,0.64083331823349,0.6700000166893005
1.1042430400848389,1.0799375772476196,0.6333333253860474,0.6575000286102295
1.1023102521896362,1.0540526509284973,0.6394444704055786,0.6825000047683716
1.0931627988815307,1.0734227895736694,0.6491666436195374,0.6700000166893005
1.0916558265686036,1.0655231475830078,0.6480555534362793,0.6600000262260437
1.0919123411178588,1.0692939162254333,0.6505555510520935,0.6625000238418579
1.0933567762374878,1.0709989070892334,0.6480555534362793,0.6650000214576721
1.0940823078155517,1.0572295188903809,0.6458333134651184,0.6800000071525574
1.0862496614456176,1.0737309455871582,0.6530555486679077,0.6575000286102295
1.083348822593689,1.0806025862693787,0.6536111235618591,0.6499999761581421
1.0824710607528687,1.0544407963752747,0.6558333039283752,0.675000011920929
1.099599003791809,1.0544911623001099,0.6405555605888367,0.6850000023841858
1.0879711389541626,1.0514069199562073,0.6463888883590698,0.6825000047683716
1.0942811489105224,1.0603229105472565,0.6402778029441833,0.675000011920929
1.0981167793273925,1.0575602650642395,0.6436111330986023,0.6725000143051147
1.1005259037017823,1.084742784500122,0.637499988079071,0.6600000262260437
1.0890333890914916,1.0545864701271057,0.648888885974884,0.6850000023841858
1.0835777044296264,1.0863919854164124,0.653333306312561,0.6449999809265137
1.0821904182434081,1.076640009880066,0.6600000262260437,0.6650000214576721
1.0789466619491577,1.063435435295105,0.6597222089767456,0.675000011920929
1.085763645172119,1.0706819891929626,0.6630555391311646,0.6600000262260437
1.0888678789138795,1.086689531803131,0.6555555462837219,0.6449999809265137
1.0854655027389526,1.0623062252998352,0.6572222113609314,0.6675000190734863
1.0758184671401978,1.0683239102363586,0.6625000238418579,0.6675000190734863
1.081296443939209,1.0649365186691284,0.6655555367469788,0.6775000095367432
1.081843113899231,1.065003514289856,0.6627777814865112,0.6725000143051147
1.0745469331741333,1.0599878430366516,0.6655555367469788,0.675000011920929
1.0982885599136352,1.083523154258728,0.6430555582046509,0.6549999713897705
1.0922561645507813,1.0556431412696838,0.6391666531562805,0.6899999976158142
1.0945067644119262,1.0966590642929077,0.6380555629730225,0.6449999809265137
1.0822136402130127,1.056324541568756,0.6608333587646484,0.6850000023841858
1.0801733016967774,1.0832024812698364,0.6586111187934875,0.6549999713897705
1.0730346202850343,1.0708430409431458,0.6625000238418579,0.6775000095367432
1.0670865535736085,1.0837633609771729,0.6730555295944214,0.6449999809265137
1.0794499158859252,1.0984915494918823,0.6616666913032532,0.6299999952316284
1.0691225290298463,1.063906729221344,0.6619444489479065,0.6625000238418579
1.076776957511902,1.0703210234642029,0.6638888716697693,0.6625000238418579
1.0665536165237426,1.07557874917984,0.6758333444595337,0.6625000238418579
1.080049419403076,1.0702741146087646,0.6583333611488342,0.675000011920929
1.0841748237609863,1.091858685016632,0.6561111211776733,0.6449999809265137
1.091805601119995,1.0685749650001526,0.6416666507720947,0.6700000166893005
1.069444489479065,1.06312757730484,0.664722204208374,0.6725000143051147
1.0896546602249146,1.0868646502494812,0.647777795791626,0.6499999761581421
1.089242935180664,1.0574476718902588,0.6516666412353516,0.6825000047683716
1.0797668933868407,1.0968513488769531,0.6619444489479065,0.6399999856948853
1.073150634765625,1.0455970168113708,0.6669444441795349,0.6924999952316284
1.0748669385910035,1.060764729976654,0.67166668176651,0.6775000095367432
1.0737304449081422,1.0486077070236206,0.6688888669013977,0.6899999976158142
1.0653511524200439,1.070459246635437,0.6719444394111633,0.6650000214576721
1.079248595237732,1.0506566166877747,0.6566666960716248,0.6924999952316284
1.0712422370910644,1.0570062398910522,0.6666666865348816,0.6875
1.0730858325958252,1.0751434564590454,0.6727777719497681,0.6575000286102295
1.0775809288024902,1.0609561800956726,0.6641666889190674,0.6875
1.059800100326538,1.0584447979927063,0.6805555820465088,0.6775000095367432
1.055034065246582,1.0609735250473022,0.6863889098167419,0.6800000071525574
1.0662354707717896,1.0712406039237976,0.6736111044883728,0.6675000190734863
1.0680957794189454,1.0756885409355164,0.6758333444595337,0.6625000238418579
1.0738584280014039,1.0702553391456604,0.664722204208374,0.6700000166893005
1.0670670032501222,1.058862030506134,0.6744444370269775,0.6775000095367432
1.0642146348953248,1.0546136498451233,0.675000011920929,0.6825000047683716
1.0740540266036986,1.1070395112037659,0.6644444465637207,0.6274999976158142
1.0824799060821533,1.0548966526985168,0.6577777862548828,0.6825000047683716
1.0591899633407593,1.058550238609314,0.6833333373069763,0.6800000071525574
1.0542118072509765,1.0685082077980042,0.683055579662323,0.6800000071525574
1.046051526069641,1.0574200749397278,0.6858333349227905,0.6825000047683716
1.0599148988723754,1.0604239702224731,0.683055579662323,0.675000011920929
1.0664624929428101,1.0706835985183716,0.6736111044883728,0.6700000166893005
1.074166750907898,1.0353603959083557,0.6638888716697693,0.7049999833106995
1.0635127067565917,1.0770039558410645,0.6741666793823242,0.6650000214576721
1.0514386892318726,1.0488232374191284,0.6905555725097656,0.6899999976158142
1.0501801252365113,1.0554898977279663,0.6880555748939514,0.6875
1.0509563207626342,1.0445438623428345,0.6822222471237183,0.6924999952316284
1.0550370693206788,1.0749302506446838,0.6916666626930237,0.6625000238418579
1.0485626697540282,1.0543050169944763,0.6936110854148865,0.6825000047683716
1.0543583631515503,1.0553533434867859,0.6847222447395325,0.6850000023841858
1.0349271535873412,1.0540191531181335,0.7019444704055786,0.6800000071525574
1.0392224311828613,1.066709041595459,0.6958333253860474,0.6725000143051147
1.0340137720108031,1.055967628955841,0.7066666483879089,0.6875
1.034860944747925,1.0548812747001648,0.7088888883590698,0.6800000071525574
1.0548859357833862,1.0394120812416077,0.6855555772781372,0.699999988079071
1.037636160850525,1.0520548224449158,0.6963889002799988,0.6875
1.0356664896011352,1.060190200805664,0.7080555558204651,0.6800000071525574
1.0277446985244751,1.0459609925746918,0.7144444584846497,0.6949999928474426
1.0383015394210815,1.045972466468811,0.7005555629730225,0.6924999952316284
1.0460871696472167,1.05828458070755,0.6980555653572083,0.6825000047683716
1.0336447715759278,1.0502849221229553,0.7127777934074402,0.6974999904632568
1.0417776584625245,1.0418920516967773,0.6991666555404663,0.6974999904632568
1.0329679250717163,1.0619272589683533,0.7094444632530212,0.6800000071525574
1.0537457704544066,1.0515360236167908,0.6883333325386047,0.6899999976158142
1.0442609310150146,1.054613471031189,0.6949999928474426,0.6775000095367432
1.042054033279419,1.0747774839401245,0.6983333230018616,0.6675000190734863
1.0222228288650512,1.0480276346206665,0.7136111259460449,0.6949999928474426
1.0306522607803346,1.0405805110931396,0.7066666483879089,0.6949999928474426
1.0388657808303834,1.0471762418746948,0.7024999856948853,0.6875
1.048006010055542,1.066590428352356,0.6941666603088379,0.6725000143051147
1.0290129423141479,1.054307997226715,0.7130555510520935,0.6825000047683716
1.050342893600464,1.0330320596694946,0.6941666603088379,0.7074999809265137
1.0476134300231934,1.0503014028072357,0.6949999928474426,0.6924999952316284
1.0422959685325623,1.0650943517684937,0.695277750492096,0.6775000095367432
1.0404550313949585,1.047672152519226,0.7027778029441833,0.699999988079071
1.0298850297927857,1.0409910678863525,0.7136111259460449,0.6974999904632568
1.0221848011016845,1.0410199761390686,0.7138888835906982,0.6974999904632568
1.0484660148620606,1.0720242857933044,0.6958333253860474,0.6600000262260437
1.0219427824020386,1.0425547063350677,0.7202777862548828,0.6949999928474426
1.0138893961906432,1.0421374440193176,0.7200000286102295,0.7049999833106995
1.0279105186462403,1.0429599285125732,0.7086111307144165,0.699999988079071
1.0147358179092407,1.0415794849395752,0.7236111164093018,0.699999988079071
1.0240733742713928,1.06150621175766,0.7211111187934875,0.675000011920929
1.0157238245010376,1.0577243566513062,0.7297222018241882,0.6825000047683716
1.0215449690818788,1.0538196563720703,0.7166666388511658,0.6899999976158142
1.0150840640068055,1.0530516803264618,0.7350000143051147,0.6850000023841858
1.0081891298294068,1.0412628650665283,0.7277777791023254,0.699999988079071
1.015384602546692,1.049700915813446,0.7219444513320923,0.6949999928474426
1.027702522277832,1.0349679589271545,0.7138888835906982,0.7074999809265137
1.0362746715545654,1.0542598366737366,0.699999988079071,0.6875
1.0157432079315185,1.055894911289215,0.7288888692855835,0.6850000023841858
1.0275716066360474,1.0426959991455078,0.7144444584846497,0.699999988079071
1.0092990040779113,1.041009783744812,0.7319444417953491,0.6974999904632568
1.0325164794921875,1.0644099116325378,0.7127777934074402,0.6775000095367432
1.0006125330924989,1.0349812507629395,0.7361111044883728,0.7024999856948853
1.003184735774994,1.0416007041931152,0.7402777671813965,0.699999988079071
1.0069836616516112,1.0303253531455994,0.7358333468437195,0.7149999737739563
1.00450998544693,1.0468112230300903,0.7352777719497681,0.6924999952316284
1.0289700508117676,1.08132004737854,0.7030555605888367,0.6575000286102295
1.0235830545425415,1.05068638920784,0.7166666388511658,0.6875
1.0070239067077638,1.0437409281730652,0.7316666841506958,0.6949999928474426
1.037175989151001,1.0682585835456848,0.7011111378669739,0.6675000190734863
1.0412952780723572,1.0415230095386505,0.7013888955116272,0.7024999856948853
1.0251010417938233,1.040220022201538,0.7169444561004639,0.6974999904632568
1.0197963476181031,1.0424844026565552,0.7180555462837219,0.6949999928474426
1.011225950717926,1.0453445315361023,0.727222204208374,0.699999988079071
1.0036488890647888,1.050415277481079,0.7361111044883728,0.6924999952316284
1.0197067975997924,1.063217043876648,0.7222222089767456,0.6725000143051147
1.005890464782715,1.0443542003631592,0.7322221994400024,0.6899999976158142
1.045516037940979,1.0494299530982971,0.6977777481079102,0.6899999976158142
0.9963201284408569,1.0487181544303894,0.7488889098167419,0.6899999976158142
1.0167520761489868,1.060244858264923,0.7197222113609314,0.6725000143051147
1.0325681447982789,1.0719179511070251,0.7088888883590698,0.6650000214576721
0.9987168312072754,1.049863576889038,0.7402777671813965,0.6924999952316284
1.0205573916435242,1.0553275346755981,0.726111114025116,0.6850000023841858
1.041284942626953,1.043410837650299,0.695555567741394,0.6974999904632568
1.0001084566116334,1.054382860660553,0.7402777671813965,0.6875
0.9973283052444458,1.0349486470222473,0.7416666746139526,0.7049999833106995
0.9909056544303894,1.03644460439682,0.7497222423553467,0.7049999833106995
0.9785101294517518,1.0263842344284058,0.7552777528762817,0.7149999737739563
0.9847026944160462,1.0438541769981384,0.757777750492096,0.6974999904632568
0.980160653591156,1.0342769026756287,0.7599999904632568,0.7049999833106995
0.9860605716705322,1.0300122499465942,0.7558333277702332,0.7074999809265137
0.9772753238677978,1.0385528802871704,0.7674999833106995,0.7049999833106995
0.9915289163589478,1.052887737751007,0.7494444251060486,0.6850000023841858
0.9994706273078918,1.0175005793571472,0.7397222518920898,0.7275000214576721
0.9801049351692199,1.0492324531078339,0.7572222352027893,0.6949999928474426
1.0017571210861207,1.0705304145812988,0.7380555272102356,0.6600000262260437
1.0098340272903443,1.0488901138305664,0.7266666889190674,0.6899999976158142
0.980407989025116,1.033808171749115,0.7605555653572083,0.6974999904632568
0.9716583251953125,1.0176952481269836,0.7741666436195374,0.7300000190734863
0.9664503574371338,1.0256121754646301,0.7774999737739563,0.7174999713897705
0.969878363609314,1.033960223197937,0.773888885974884,0.7024999856948853
0.978036081790924,1.0548591613769531,0.7636111378669739,0.6825000047683716
0.9777975797653198,1.0230693519115448,0.757777750492096,0.7200000286102295
0.9735484600067139,1.0232012867927551,0.7666666507720947,0.7174999713897705
0.984829592704773,1.0263635516166687,0.754444420337677,0.7149999737739563
0.9661662101745605,1.0302340984344482,0.777222216129303,0.7074999809265137
0.9811237335205079,1.0327157974243164,0.7574999928474426,0.7049999833106995
0.9604529857635498,1.0355324149131775,0.778333306312561,0.7049999833106995
0.9640464544296264,1.0390768945217133,0.7816666960716248,0.6949999928474426
0.9584675312042237,1.0185025334358215,0.784166693687439,0.7200000286102295
0.9623728513717651,1.027534306049347,0.7777777910232544,0.7099999785423279
0.9611067175865173,1.030012607574463,0.7794444561004639,0.699999988079071
0.9569088578224182,1.028545320034027,0.7888888716697693,0.7099999785423279
0.946453869342804,1.0204547345638275,0.79666668176651,0.7200000286102295
0.9405207633972168,1.009814441204071,0.7913888692855835,0.7275000214576721
0.9653937816619873,1.0163074135780334,0.7761111259460449,0.7225000262260437
1.0361783981323243,1.0856309533119202,0.6977777481079102,0.6499999761581421
1.0059186816215515,1.0160644054412842,0.730555534362793,0.7250000238418579
0.9735259771347046,0.9887565076351166,0.7697222232818604,0.7524999976158142
0.9539298415184021,0.9990682899951935,0.7833333611488342,0.7450000047683716
0.9631782174110413,1.0004032254219055,0.7811111211776733,0.7400000095367432
0.9457197427749634,1.020517349243164,0.7950000166893005,0.7225000262260437
0.9485862612724304,1.0375425219535828,0.7922222018241882,0.7049999833106995
0.9365671277046204,1.0086807608604431,0.8022222518920898,0.7350000143051147
0.9500128149986267,1.0134586989879608,0.7883333563804626,0.7275000214576721
0.9337607860565186,1.0087801218032837,0.8100000023841858,0.7250000238418579
0.9310081005096436,1.0192996859550476,0.8133333325386047,0.7149999737739563
0.9216858625411988,1.0008347630500793,0.8172222375869751,0.7400000095367432
0.9155380606651307,0.9938914775848389,0.8208333253860474,0.7450000047683716
0.9189927339553833,1.007179319858551,0.8222222328186035,0.7325000166893005
0.9285051226615906,1.0031184554100037,0.8127777576446533,0.7425000071525574
0.916946280002594,1.0010461211204529,0.823888897895813,0.737500011920929
0.9187119245529175,0.9792869985103607,0.8211110830307007,0.762499988079071
0.9247593760490418,1.0087765455245972,0.8155555725097656,0.7300000190734863
0.926366102695465,0.9960334002971649,0.8155555725097656,0.7350000143051147
0.9519052982330323,0.9962264597415924,0.7872222065925598,0.7450000047683716
0.9192242622375488,0.9995175898075104,0.824999988079071,0.7400000095367432
0.9320546984672546,1.0234091877937317,0.8149999976158142,0.7174999713897705
0.9220228910446167,1.0042129158973694,0.8208333253860474,0.737500011920929
0.9173797488212585,0.9872514009475708,0.8263888955116272,0.7599999904632568
0.9253548502922058,0.9741815030574799,0.8194444179534912,0.7724999785423279
0.9057827711105346,0.9876008331775665,0.8355555534362793,0.7549999952316284
0.9414770007133484,1.0411023497581482,0.801111102104187,0.6949999928474426
0.937811803817749,1.0219259560108185,0.7986111044883728,0.7149999737739563
0.9191286087036132,0.9968218803405762,0.8241666555404663,0.75
0.999296510219574,1.0136691331863403,0.7397222518920898,0.7275000214576721
0.9237571835517884,0.976560115814209,0.8149999976158142,0.762499988079071
0.9770693421363831,1.0205423831939697,0.7622222304344177,0.7174999713897705
1.0099513292312623,1.0125215649604797,0.7283333539962769,0.7225000262260437
0.9244470357894897,0.9785384237766266,0.8174999952316284,0.7649999856948853
0.942021107673645,0.993263840675354,0.7991666793823242,0.7475000023841858
0.9306015491485595,0.9946331679821014,0.8113889098167419,0.7475000023841858
0.913910973072052,0.9883338212966919,0.8274999856948853,0.7549999952316284
0.9239166975021362,0.9745513200759888,0.8133333325386047,0.7699999809265137
0.9099311828613281,0.978233814239502,0.8355555534362793,0.7574999928474426
0.9059775352478028,1.0000740587711334,0.8355555534362793,0.7400000095367432
0.9003123998641968,0.996066153049469,0.8452777862548828,0.7425000071525574
0.8902321934700013,1.0029649138450623,0.8530555367469788,0.7350000143051147
0.8847614407539368,0.9837274849414825,0.8597221970558167,0.7574999928474426
0.8780980706214905,0.9769605696201324,0.863611102104187,0.762499988079071
0.8937435746192932,0.9844096004962921,0.8505555391311646,0.7524999976158142
0.8862840890884399,0.9922210872173309,0.8541666865348816,0.75
0.8886948823928833,0.9979253113269806,0.8538888692855835,0.737500011920929
0.9074912548065186,0.9803394675254822,0.836388885974884,0.7649999856948853
0.8848083019256592,0.984441339969635,0.8547222018241882,0.7549999952316284
0.9103886365890503,1.0009825229644775,0.8333333134651184,0.7425000071525574
0.8919190526008606,0.9856510162353516,0.8491666913032532,0.7574999928474426
0.9316529035568237,0.9856547117233276,0.8088889122009277,0.75
0.9033304452896118,0.9646060466766357,0.8422222137451172,0.7724999785423279
0.9057845830917358,0.957314670085907,0.8422222137451172,0.7799999713897705
0.9201212167739868,0.9929395318031311,0.8244444727897644,0.7450000047683716
0.8803633093833924,0.9668822884559631,0.8616666793823242,0.7749999761581421
0.9006749987602234,0.9645549952983856,0.8427777886390686,0.7774999737739563
0.923672103881836,0.9820083677768707,0.8136110901832581,0.762499988079071
0.9150536179542541,0.9762027859687805,0.8236111402511597,0.7724999785423279
0.9313306212425232,0.9813041090965271,0.8077777624130249,0.7599999904632568
0.8925246119499206,0.9729089140892029,0.8494444489479065,0.7649999856948853
0.9790010690689087,0.99228835105896,0.7674999833106995,0.7475000023841858
0.929306435585022,0.9971255958080292,0.8119444251060486,0.7425000071525574
0.9415706872940064,0.9795564711093903,0.804444432258606,0.7599999904632568
0.9230350255966187,0.9785505533218384,0.8188889026641846,0.7574999928474426
0.9176931858062745,0.9757939875125885,0.8227777481079102,0.7699999809265137
0.9059524297714233,0.9700373411178589,0.8380555510520935,0.7674999833106995
0.8853148698806763,0.9629261195659637,0.8622221946716309,0.7799999713897705
0.8799845457077027,0.9567875862121582,0.8627777695655823,0.7850000262260437
0.8739423632621766,0.9736782312393188,0.8730555772781372,0.7599999904632568
0.8689461827278138,0.9674535393714905,0.8755555748939514,0.7724999785423279
0.8857287168502808,0.9562900364398956,0.8566666841506958,0.7875000238418579
0.8839095592498779,0.9619486331939697,0.8544444441795349,0.7825000286102295
0.9013935208320618,0.9788973331451416,0.8441666960716248,0.7599999904632568
0.879520308971405,0.98260498046875,0.8605555295944214,0.7549999952316284
0.8671657681465149,0.9538587033748627,0.8736110925674438,0.7850000262260437
0.8723678469657898,0.9781882464885712,0.8713889122009277,0.762499988079071
0.8676651597023011,0.9685299694538116,0.8766666650772095,0.7749999761581421
0.8627933382987976,0.978490799665451,0.8763889074325562,0.762499988079071
0.8718650937080383,0.9746111631393433,0.866944432258606,0.7674999833106995
0.8740272521972656,0.9639089107513428,0.871666669845581,0.7749999761581421
0.86755872964859,0.9553578495979309,0.8738889098167419,0.7850000262260437
0.8658234357833863,0.9567739069461823,0.8758333325386047,0.7850000262260437
0.882518982887268,0.9631005227565765,0.8572221994400024,0.7774999737739563
0.8906104564666748,0.9763135612010956,0.8566666841506958,0.7699999809265137
0.8765502333641052,0.9650714099407196,0.867222249507904,0.7774999737739563
0.8697787284851074,0.977927029132843,0.8683333396911621,0.7649999856948853
0.8668755650520324,0.9613354206085205,0.875,0.7799999713897705
0.8559378266334534,0.9597366750240326,0.8894444704055786,0.7850000262260437
0.8555417656898499,0.9636527001857758,0.8916666507720947,0.7774999737739563
0.8607917785644531,0.9558918476104736,0.8833333253860474,0.7850000262260437
0.8564462661743164,0.9598847031593323,0.8855555653572083,0.7799999713897705
0.8542530059814453,0.9646053612232208,0.8933333158493042,0.7774999737739563
0.8892346501350403,0.9830023050308228,0.8550000190734863,0.7549999952316284
0.868530786037445,0.9681107699871063,0.8733333349227905,0.7724999785423279
0.8511876463890076,0.9540108740329742,0.8899999856948853,0.7925000190734863
0.8470003724098205,0.9491159915924072,0.9016666412353516,0.7925000190734863
0.8595633149147034,0.9498801529407501,0.8872222304344177,0.7900000214576721
0.8491777777671814,0.9549027681350708,0.8919444680213928,0.7850000262260437
0.8518332600593567,0.9617337882518768,0.8886111378669739,0.7799999713897705
0.8561612367630005,0.943807989358902,0.8866666555404663,0.800000011920929
0.8515160918235779,0.9593165218830109,0.8911111354827881,0.7799999713897705
0.8489595293998718,0.9653267562389374,0.8969444632530212,0.7774999737739563
0.8919357419013977,0.9847179055213928,0.8525000214576721,0.762499988079071
0.8589435458183289,0.9511425793170929,0.8841666579246521,0.7925000190734863
0.8567141413688659,0.9518799781799316,0.8849999904632568,0.7900000214576721
0.8700679779052735,0.9534618556499481,0.871666669845581,0.7900000214576721
0.8560047507286072,0.9437264800071716,0.8877778053283691,0.800000011920929
0.8527047514915467,0.9593937397003174,0.886388897895813,0.7850000262260437
0.8563222765922547,0.9628542363643646,0.8858333230018616,0.7774999737739563
0.8579738140106201,0.9654676616191864,0.8855555653572083,0.7749999761581421
0.8553247094154358,0.950558066368103,0.8844444155693054,0.7875000238418579
0.8770744562149048,0.9631609320640564,0.8661110997200012,0.7799999713897705
0.8528813242912292,0.9356578886508942,0.8855555653572083,0.8075000047683716
0.8643632292747497,0.9563906192779541,0.8763889074325562,0.7825000286102295
0.8574357509613038,0.9549939632415771,0.883055567741394,0.7900000214576721
0.8752067565917969,0.9696490466594696,0.8666666746139526,0.7674999833106995
0.8483088374137878,0.9543702304363251,0.8999999761581421,0.7875000238418579
0.8416171073913574,0.9656100869178772,0.9005555510520935,0.7774999737739563
0.8448117136955261,0.9553947746753693,0.8974999785423279,0.7875000238418579
0.8442537188529968,0.9346428215503693,0.902222216129303,0.8050000071525574
0.8346369862556458,0.9511844217777252,0.9094444513320923,0.7900000214576721
0.8454866528511047,0.9453504383563995,0.8966666460037231,0.7975000143051147
0.8421920776367188,0.9339805245399475,0.8991666436195374,0.8100000023841858
0.841673982143402,0.9485829472541809,0.8997222185134888,0.7875000238418579
0.8517171144485474,0.9347318112850189,0.8924999833106995,0.8075000047683716
0.8558705568313598,0.9291711449623108,0.8869444727897644,0.8174999952316284
0.8798965692520142,0.954380601644516,0.863611102104187,0.7850000262260437
0.8633617520332336,0.9530590772628784,0.8819444179534912,0.7900000214576721
0.8447388648986817,0.9577633738517761,0.8961111307144165,0.7825000286102295
0.890378761291504,0.9788899719715118,0.846666693687439,0.7649999856948853
0.84948890209198,0.9495722651481628,0.8930555582046509,0.7925000190734863
0.8548463582992554,0.9324848353862762,0.8936111330986023,0.8100000023841858
0.8447795152664185,0.949711263179779,0.8986111283302307,0.7925000190734863
0.8460947155952454,0.9531539082527161,0.8980555534362793,0.7875000238418579
0.9116763353347779,0.9590569138526917,0.8297222256660461,0.7875000238418579
0.8610302686691285,0.9545262157917023,0.8813889026641846,0.7875000238418579
0.8787869811058044,0.967462956905365,0.8622221946716309,0.7774999737739563
0.8689622640609741,0.9292292296886444,0.8741666674613953,0.8100000023841858
0.8699114084243774,0.9314239621162415,0.8713889122009277,0.8149999976158142
0.8545607447624206,0.9401972591876984,0.8872222304344177,0.8025000095367432
0.836816155910492,0.9531451463699341,0.9049999713897705,0.7900000214576721
0.8421960234642029,0.9457076191902161,0.8952777981758118,0.7950000166893005
0.8468506455421447,0.9289993643760681,0.9013888835906982,0.8100000023841858
0.8375088453292847,0.9442209899425507,0.9041666388511658,0.7975000143051147
0.867732834815979,0.9567290246486664,0.8752777576446533,0.7799999713897705
0.8640065908432006,0.9463302195072174,0.8772222399711609,0.800000011920929
0.8776702761650086,0.9339732825756073,0.8650000095367432,0.8125
0.8792601466178894,0.9792912304401398,0.8655555844306946,0.7649999856948853
0.8292576909065247,0.9445138573646545,0.9111111164093018,0.7975000143051147
0.8399824619293212,0.9562802016735077,0.8997222185134888,0.7850000262260437
0.8493357300758362,0.933461606502533,0.8933333158493042,0.8075000047683716
0.8347291231155396,0.9365110397338867,0.9086111187934875,0.8075000047683716
0.8331721782684326,0.9437305927276611,0.9122222065925598,0.7950000166893005
0.8328886747360229,0.9298651814460754,0.909166693687439,0.8149999976158142
0.8253556728363037,0.9379271864891052,0.9166666865348816,0.8025000095367432
0.8302564501762391,0.9461889266967773,0.9111111164093018,0.7950000166893005
0.8256666660308838,0.9411833882331848,0.9155555367469788,0.8025000095367432
0.8413309454917908,0.960647463798523,0.9016666412353516,0.7799999713897705
0.8307657599449157,0.9437733888626099,0.9111111164093018,0.7950000166893005
0.8509418368339539,0.9516007304191589,0.8961111307144165,0.7900000214576721
0.8480096936225892,0.9448863863945007,0.897777795791626,0.800000011920929
0.8540199995040894,0.9484381675720215,0.8902778029441833,0.7950000166893005
0.8508934140205383,0.9452594518661499,0.8963888883590698,0.7975000143051147
0.8263912200927734,0.9317137598991394,0.9150000214576721,0.8149999976158142
0.8335330009460449,0.9435854554176331,0.9100000262260437,0.7950000166893005
0.829980444908142,0.9313636124134064,0.9133333563804626,0.8149999976158142
0.8262052178382874,0.9242603182792664,0.9177777767181396,0.8174999952316284
0.8232428073883057,0.9201271235942841,0.9241666793823242,0.8199999928474426
0.8206968188285828,0.9312856197357178,0.92166668176651,0.8125
0.8311202645301818,0.9245034158229828,0.9100000262260437,0.8174999952316284
0.8324737310409546,0.94138303399086,0.9113888740539551,0.800000011920929
0.8348811149597168,0.9441101551055908,0.9100000262260437,0.800000011920929
0.8545416712760925,0.987945169210434,0.8847222328186035,0.7574999928474426
0.8458389163017273,0.9460793733596802,0.8997222185134888,0.7975000143051147
0.8436789155006409,0.9401437342166901,0.8983333110809326,0.8025000095367432
0.8336423158645629,0.9508998990058899,0.9127777814865112,0.7925000190734863
0.9191997051239014,1.0365973711013794,0.8224999904632568,0.7049999833106995
0.8645397663116455,0.9897243082523346,0.8774999976158142,0.7524999976158142
0.863135015964508,0.9382200539112091,0.8813889026641846,0.8025000095367432
0.8628913164138794,0.9561974704265594,0.8802777528762817,0.7875000238418579
0.8673927426338196,0.9516100585460663,0.8769444227218628,0.7925000190734863
0.855328106880188,0.9240410923957825,0.8897222280502319,0.8199999928474426
0.873883318901062,0.9420259892940521,0.8761110901832581,0.800000011920929
0.8696476936340332,0.9724581837654114,0.871666669845581,0.7699999809265137
0.837423586845398,0.9368671476840973,0.909166693687439,0.8050000071525574
0.8828414678573608,0.950515627861023,0.8588888645172119,0.7875000238418579
0.8244236707687378,0.9226638674736023,0.9188888669013977,0.8199999928474426
0.835329020023346,0.9416147768497467,0.9088888764381409,0.8025000095367432
0.8621323347091675,0.941771388053894,0.8824999928474426,0.800000011920929
0.8341385126113892,0.9498165249824524,0.9069444537162781,0.7875000238418579
0.8692698121070862,0.9728169739246368,0.8697222471237183,0.7674999833106995
0.832670247554779,0.9407855272293091,0.9105555415153503,0.8050000071525574
0.819917094707489,0.9449117183685303,0.9238888621330261,0.7950000166893005
0.825569999217987,0.9375078976154327,0.9219444394111633,0.8025000095367432
0.8161360144615173,0.9370006620883942,0.9233333468437195,0.8025000095367432
0.8135613560676574,0.9383068084716797,0.9291666746139526,0.8025000095367432
0.8143563985824585,0.9242883920669556,0.929722249507904,0.8174999952316284
0.82617027759552,0.929792732000351,0.9194444417953491,0.8125
0.8241354823112488,0.9271789193153381,0.9158333539962769,0.8199999928474426
0.8468105912208557,0.9638398587703705,0.8972222208976746,0.7749999761581421
0.8358800292015076,0.9444178342819214,0.9080555438995361,0.800000011920929
0.8563740015029907,0.9495293200016022,0.887499988079071,0.7925000190734863
0.8441212892532348,0.9445695579051971,0.8994444608688354,0.7950000166893005
0.8292712807655335,0.9309146404266357,0.9127777814865112,0.8125
0.8334261059761048,0.9236723482608795,0.9086111187934875,0.8174999952316284
0.8196434736251831,0.9424958825111389,0.9241666793823242,0.800000011920929
0.8176034212112426,0.9471491575241089,0.9258333444595337,0.7950000166893005
0.8246318817138671,0.9357891976833344,0.9175000190734863,0.8050000071525574
0.8111903071403503,0.9342957437038422,0.9322222471237183,0.8075000047683716
0.812126612663269,0.9340888261795044,0.934166669845581,0.8125
0.8133430242538452,0.9396623969078064,0.9338889122009277,0.8075000047683716
0.8139618992805481,0.9264384508132935,0.9275000095367432,0.8125
0.8269683718681335,0.9330289959907532,0.9183333516120911,0.8125
0.8231802582740784,0.9285542368888855,0.9208333492279053,0.8125
0.8171268582344056,0.9260611534118652,0.9280555844306946,0.8149999976158142
0.8150771975517273,0.9273569881916046,0.9283333420753479,0.8174999952316284
0.8272394657135009,0.9240376949310303,0.9144444465637207,0.8174999952316284
0.8218769788742065,0.9466494619846344,0.9230555295944214,0.7975000143051147
0.8263739943504333,0.9236832559108734,0.9183333516120911,0.8174999952316284
0.8244973182678222,0.9116559624671936,0.9177777767181396,0.8274999856948853
0.8186743259429932,0.9097234904766083,0.9197221994400024,0.8349999785423279
0.8302590131759644,0.9491511881351471,0.9158333539962769,0.7900000214576721
0.8045462012290955,0.919517993927002,0.9388889074325562,0.8174999952316284
0.8079905390739441,0.9138358533382416,0.934166669845581,0.8274999856948853
0.8074079871177673,0.9243648052215576,0.9336110949516296,0.8174999952316284
0.8209113359451294,0.9168264269828796,0.9275000095367432,0.824999988079071
0.8135211110115051,0.9095396399497986,0.9322222471237183,0.8324999809265137
0.7995845913887024,0.8943035900592804,0.9424999952316284,0.8500000238418579
0.8017896890640259,0.9053714573383331,0.941944420337677,0.8399999737739563
0.8079073429107666,0.9081096947193146,0.9344444274902344,0.8349999785423279
0.8165454506874085,0.9237505197525024,0.9258333444595337,0.8174999952316284
0.863140058517456,0.9246460497379303,0.8811110854148865,0.8174999952316284
0.8438691020011901,0.8939519822597504,0.8969444632530212,0.8500000238418579
0.8422710061073303,0.9493434429168701,0.8986111283302307,0.7925000190734863
0.8319073796272278,0.9138154089450836,0.9119444489479065,0.8274999856948853
0.8299671530723571,0.9601333737373352,0.9122222065925598,0.7799999713897705
0.8200003981590271,0.9105663299560547,0.9211111068725586,0.8324999809265137
0.8353328108787537,0.9144054055213928,0.9086111187934875,0.8274999856948853
0.8080021381378174,0.9289685189723969,0.9338889122009277,0.8125
0.8122448801994324,0.9563299119472504,0.9288889169692993,0.7850000262260437
0.8034135460853576,0.8974354863166809,0.9411110877990723,0.8424999713897705
0.8130778193473815,0.9245437979698181,0.9286110997200012,0.8149999976158142
0.8240449786186218,0.919603556394577,0.9202777743339539,0.8199999928474426
0.8201956748962402,0.9260725378990173,0.9247221946716309,0.8174999952316284
0.8235742449760437,0.9032986462116241,0.918055534362793,0.8424999713897705
0.819706666469574,0.9230466187000275,0.9222221970558167,0.8174999952316284
0.8301771759986878,0.9282955229282379,0.9116666913032532,0.8149999976158142
0.8167683959007264,0.9189417064189911,0.9258333444595337,0.824999988079071
0.810213851928711,0.9061920940876007,0.9366666674613953,0.8349999785423279
0.8106625795364379,0.9160152077674866,0.9375,0.824999988079071
0.8064038634300232,0.9264878332614899,0.9350000023841858,0.8149999976158142
0.8168125987052918,0.9029455780982971,0.9277777671813965,0.8424999713897705
0.8063113570213318,0.9209517538547516,0.9383333325386047,0.8174999952316284
0.8120374321937561,0.9099771082401276,0.9338889122009277,0.8349999785423279
0.8022704482078552,0.9002023339271545,0.9411110877990723,0.8424999713897705
0.8002544164657592,0.9224456548690796,0.9438889026641846,0.8174999952316284
0.7956581115722656,0.9108389616012573,0.9461110830307007,0.8324999809265137
0.8108339667320251,0.9215008616447449,0.9327777624130249,0.8174999952316284
0.848632526397705,0.9245236814022064,0.8938888907432556,0.8224999904632568
0.8306279897689819,0.9243048429489136,0.910277783870697,0.8174999952316284
0.8177423477172852,0.9272048473358154,0.9238888621330261,0.8149999976158142
0.8046396851539612,0.9067777693271637,0.9380555748939514,0.8349999785423279
0.7954352498054504,0.913499116897583,0.9474999904632568,0.8274999856948853
0.8107771635055542,0.9263799488544464,0.9336110949516296,0.8174999952316284
0.8358422517776489,0.9057358205318451,0.910277783870697,0.8349999785423279
0.8209638118743896,0.9052605032920837,0.9222221970558167,0.8399999737739563
0.8012267112731933,0.8961896598339081,0.9430555701255798,0.8424999713897705
0.7938080072402954,0.88699871301651,0.9477777481079102,0.8575000166893005
0.8141247391700744,0.9090043604373932,0.9288889169692993,0.8274999856948853
0.8549638748168945,0.9351542890071869,0.8877778053283691,0.8025000095367432
0.8503459572792054,0.947960376739502,0.8938888907432556,0.7950000166893005
0.8129361748695374,0.9039073586463928,0.9258333444595337,0.8399999737739563
0.8067421674728393,0.9082485139369965,0.9375,0.8324999809265137
0.8106189131736755,0.9211574792861938,0.9316666722297668,0.8174999952316284
0.815212094783783,0.9264491200447083,0.9255555272102356,0.8149999976158142
0.8049223184585571,0.9053183495998383,0.9377777576446533,0.8374999761581421
0.7963489532470703,0.889212042093277,0.9469444155693054,0.8550000190734863
0.8021920919418335,0.909313827753067,0.9380555748939514,0.8299999833106995
0.8039600610733032,0.917455792427063,0.9416666626930237,0.8199999928474426
0.8172849655151367,0.8981800973415375,0.9258333444595337,0.8424999713897705
0.8216072201728821,0.9140652716159821,0.9208333492279053,0.8274999856948853
0.8116809964179993,0.8851417899131775,0.9322222471237183,0.8600000143051147
0.8118018865585327,0.8930802047252655,0.9347222447395325,0.8475000262260437
0.8105046272277832,0.9127115905284882,0.9316666722297668,0.8274999856948853
0.8036523461341858,0.8788513839244843,0.9416666626930237,0.8675000071525574
0.7897779822349549,0.902920663356781,0.9527778029441833,0.8399999737739563
0.7974084734916687,0.9246492385864258,0.948888897895813,0.8125
0.7890084028244019,0.890112042427063,0.9513888955116272,0.8525000214576721
0.8005222678184509,0.8770581185817719,0.9422222375869751,0.8675000071525574
0.7980078101158142,0.905128687620163,0.945555567741394,0.8349999785423279
0.8073208451271057,0.9052417278289795,0.9397222399711609,0.8374999761581421
0.7969966173171997,0.8767625689506531,0.9494444727897644,0.8675000071525574
0.7896612882614136,0.8815911114215851,0.9530555605888367,0.862500011920929
0.7925727248191834,0.9013521373271942,0.9491666555404663,0.8424999713897705
0.7907350659370422,0.8932265937328339,0.9502778053283691,0.8500000238418579
0.8009112119674683,0.8711061477661133,0.9466666579246521,0.8725000023841858
0.7989796280860901,0.8970257937908173,0.9430555701255798,0.8475000262260437
0.8409845471382141,0.9278516173362732,0.9013888835906982,0.8149999976158142
0.8041513204574585,0.8857500851154327,0.9383333325386047,0.8550000190734863
0.794714879989624,0.861107736825943,0.9477777481079102,0.8849999904632568
0.7890252113342285,0.8768542408943176,0.9508333206176758,0.8650000095367432
0.7915874361991883,0.8810808956623077,0.9555555582046509,0.8650000095367432
0.788575804233551,0.885851114988327,0.9549999833106995,0.8575000166893005
0.7916550874710083,0.8688741326332092,0.9538888931274414,0.875
0.782872998714447,0.8704253733158112,0.9611111283302307,0.8725000023841858
0.7928673386573791,0.908759206533432,0.9491666555404663,0.8324999809265137
0.7868149042129516,0.8819605112075806,0.9563888907432556,0.862500011920929
0.7978046774864197,0.8783034086227417,0.945555567741394,0.8675000071525574
0.7924217462539673,0.8784188628196716,0.948888897895813,0.8650000095367432
0.8202427983283996,0.9192909598350525,0.9236111044883728,0.8224999904632568
0.8304694414138794,0.8940864205360413,0.9127777814865112,0.8500000238418579
0.8049443244934082,0.8757020533084869,0.9397222399711609,0.8675000071525574
0.8039240956306457,0.9064188897609711,0.9383333325386047,0.8324999809265137
0.7938410520553589,0.8822282254695892,0.9477777481079102,0.8575000166893005
0.8112485647201538,0.8751401603221893,0.9399999976158142,0.8675000071525574
0.8066079258918762,0.9212228953838348,0.9380555748939514,0.8224999904632568
0.7997764110565185,0.8890713453292847,0.9416666626930237,0.8550000190734863
0.8018781304359436,0.8703296482563019,0.9413889050483704,0.8725000023841858
0.7909148454666137,0.8787898123264313,0.9538888931274414,0.862500011920929
0.804350733757019,0.873643308877945,0.9399999976158142,0.8700000047683716
0.7944970726966858,0.907251238822937,0.9511111378669739,0.8324999809265137
0.7947316646575928,0.9026879966259003,0.9508333206176758,0.8399999737739563
0.7851938247680664,0.8777923285961151,0.9586111307144165,0.8675000071525574
0.8244444012641907,0.8931679725646973,0.9161111116409302,0.8500000238418579
0.8040948629379272,0.9286423921585083,0.9347222447395325,0.8125
0.7892159938812255,0.871231347322464,0.9561111330986023,0.8700000047683716
0.8183536291122436,0.8969247937202454,0.925000011920929,0.8450000286102295
0.7932657480239869,0.9029844105243683,0.9463889002799988,0.8374999761581421
0.7853865146636962,0.8830768465995789,0.9591666460037231,0.862500011920929
0.8072754144668579,0.8946338295936584,0.9347222447395325,0.8475000262260437
0.7923791527748107,0.8871551156044006,0.949999988079071,0.8550000190734863
0.7987457633018493,0.9270181059837341,0.9436110854148865,0.8174999952316284
0.7953736662864686,0.8820202946662903,0.9474999904632568,0.8600000143051147
0.7958151340484619,0.8990926742553711,0.9483333230018616,0.8424999713897705
0.7887096166610718,0.8666814565658569,0.9547222256660461,0.875
0.7890473008155823,0.8765878677368164,0.9558333158493042,0.8675000071525574
0.7881047487258911,0.8873934149742126,0.9544444680213928,0.8525000214576721
0.8015508890151978,0.9014666974544525,0.940833330154419,0.8399999737739563
0.8036022424697876,0.9040892124176025,0.9430555701255798,0.8349999785423279
0.8276573777198791,0.9072174727916718,0.9161111116409302,0.8349999785423279
0.808160924911499,0.9012316167354584,0.9399999976158142,0.8424999713897705
0.8382137537002563,0.9150344133377075,0.9041666388511658,0.8274999856948853
0.8242924809455872,0.9333294034004211,0.9205555319786072,0.8075000047683716
0.8186612367630005,0.9023118913173676,0.9233333468437195,0.8424999713897705
0.8243090391159058,0.9170592129230499,0.9200000166893005,0.824999988079071
0.8203361511230469,0.9217690825462341,0.9263888597488403,0.824999988079071
0.8167158365249634,0.9160090982913971,0.9255555272102356,0.8299999833106995
0.8091925024986267,0.9101410210132599,0.9311110973358154,0.8324999809265137
0.8291090965270996,0.8851572275161743,0.9177777767181396,0.8575000166893005
0.8272901773452759,0.9064228236675262,0.9141666889190674,0.8399999737739563
0.8102083921432495,0.8720681965351105,0.9316666722297668,0.875
0.8065140008926391,0.8900873959064484,0.9358333349227905,0.8550000190734863
0.813005781173706,0.8886336982250214,0.9252777695655823,0.8550000190734863
0.8160552978515625,0.9040590226650238,0.9275000095367432,0.8374999761581421
0.8239165306091308,0.9149080812931061,0.9219444394111633,0.8274999856948853
0.8182005405426025,0.9084550440311432,0.9258333444595337,0.8299999833106995
0.8099609017372131,0.9100156128406525,0.9313889145851135,0.8324999809265137
0.8175773024559021,0.9002648293972015,0.9258333444595337,0.8399999737739563
0.8119511365890503,0.891994833946228,0.9352777600288391,0.8500000238418579
0.8034105658531189,0.8837891817092896,0.9383333325386047,0.8600000143051147
0.7935669898986817,0.8711118996143341,0.9494444727897644,0.8700000047683716
0.7889199495315552,0.9034888446331024,0.9524999856948853,0.8374999761581421
0.7970875978469849,0.8616978824138641,0.9508333206176758,0.8824999928474426
0.8015487551689148,0.8758994042873383,0.9430555701255798,0.8675000071525574
0.7962858200073242,0.8790972828865051,0.945555567741394,0.862500011920929
0.7890007853507995,0.8619446456432343,0.9544444680213928,0.8799999952316284
0.7972050309181213,0.8997035622596741,0.9438889026641846,0.8450000286102295
0.7870402336120605,0.8725318908691406,0.961388885974884,0.8700000047683716
0.795726990699768,0.8756192922592163,0.9486111402511597,0.8725000023841858
0.7943581223487854,0.8861512839794159,0.9474999904632568,0.8575000166893005
0.7911109089851379,0.8909158110618591,0.9522222280502319,0.8500000238418579
0.7856297612190246,0.8658120632171631,0.9572222232818604,0.875
0.8083458781242371,0.8924300372600555,0.9372222423553467,0.8500000238418579
0.7840476155281066,0.8700634241104126,0.9594444632530212,0.8700000047683716
0.781846022605896,0.8748141229152679,0.9599999785423279,0.8675000071525574
0.7953656196594239,0.8672309517860413,0.9502778053283691,0.8774999976158142
0.7846092462539673,0.877088725566864,0.9577777981758118,0.862500011920929
0.7864015698432922,0.8752224147319794,0.9611111283302307,0.8650000095367432
0.7839288353919983,0.8753960728645325,0.9636111259460449,0.8675000071525574
0.7878588318824769,0.8804936110973358,0.9563888907432556,0.8600000143051147
0.7921447277069091,0.869491308927536,0.9513888955116272,0.8774999976158142
0.7843163132667541,0.8862570226192474,0.9572222232818604,0.8550000190734863
0.7810940265655517,0.8584254682064056,0.9616666436195374,0.8849999904632568
0.7798572540283203,0.8829026818275452,0.9636111259460449,0.8600000143051147
0.7808576703071595,0.8703399300575256,0.961388885974884,0.8725000023841858
0.7860711812973022,0.8675721287727356,0.9583333134651184,0.8774999976158142
0.7794651985168457,0.8656810820102692,0.9622222185134888,0.875
0.7791912674903869,0.8596444725990295,0.9644444584846497,0.8824999928474426
0.7744474172592163,0.858517199754715,0.9669444561004639,0.8824999928474426
0.7783406257629395,0.8537259995937347,0.9661111235618591,0.887499988079071
0.7764073610305786,0.8426012694835663,0.9644444584846497,0.8999999761581421
0.7893588185310364,0.8685432076454163,0.9563888907432556,0.875
0.7884928345680237,0.8530518710613251,0.9536111354827881,0.8899999856948853
0.7900979161262512,0.8784814774990082,0.9544444680213928,0.8650000095367432
0.782216203212738,0.8605144321918488,0.9599999785423279,0.8849999904632568
0.7824426770210267,0.8503256440162659,0.961388885974884,0.8949999809265137
0.7885267615318299,0.8708029389381409,0.9544444680213928,0.875
0.7768247127532959,0.8508968949317932,0.9663888812065125,0.8899999856948853
0.7924838900566101,0.8805758953094482,0.9486111402511597,0.862500011920929
0.8045256733894348,0.896125465631485,0.9358333349227905,0.8475000262260437
0.8062579512596131,0.879697173833847,0.9372222423553467,0.862500011920929
0.7930056691169739,0.8702991604804993,0.948888897895813,0.8700000047683716
0.7871329665184021,0.8701146841049194,0.9574999809265137,0.8725000023841858
0.8007664322853089,0.897207647562027,0.9405555725097656,0.8475000262260437
0.7893823027610779,0.8550556898117065,0.9524999856948853,0.887499988079071
0.7860493421554565,0.8473771512508392,0.9611111283302307,0.8974999785423279
0.7757573604583741,0.8538139760494232,0.9666666388511658,0.8899999856948853
0.7732277989387513,0.8551439344882965,0.9688888788223267,0.887499988079071
0.7780812859535218,0.8510182797908783,0.9700000286102295,0.8924999833106995
0.7728810548782349,0.8462267816066742,0.9700000286102295,0.8999999761581421
0.779687476158142,0.8647089302539825,0.9636111259460449,0.8799999952316284
0.7722738742828369,0.8409136533737183,0.9697222113609314,0.8999999761581421
0.7805952906608582,0.8492763638496399,0.964722216129303,0.8924999833106995
0.7748820185661316,0.8350831568241119,0.9672222137451172,0.9100000262260437
0.7768806934356689,0.8517697155475616,0.9663888812065125,0.8924999833106995
0.7924116969108581,0.8930931091308594,0.9502778053283691,0.8500000238418579
0.8204897046089172,0.8609626889228821,0.9191666841506958,0.8824999928474426
0.7858093976974487,0.8840095698833466,0.9566666483879089,0.8575000166893005
0.7970795154571533,0.882688045501709,0.9474999904632568,0.8550000190734863
0.7837271332740784,0.8813125491142273,0.9594444632530212,0.8575000166893005
0.7982684373855591,0.8665518760681152,0.9430555701255798,0.8725000023841858
0.8208366751670837,0.9260748326778412,0.9244444370269775,0.8199999928474426
0.7882502555847168,0.8584964275360107,0.9536111354827881,0.8849999904632568
0.791763436794281,0.8953969180583954,0.95333331823349,0.8475000262260437
0.7802343964576721,0.8583530485630035,0.9633333086967468,0.8849999904632568
0.7799129128456116,0.8606964647769928,0.9611111283302307,0.8824999928474426
0.7802894949913025,0.8694778382778168,0.9605555534362793,0.875
0.776418125629425,0.8659367859363556,0.9661111235618591,0.875
0.7926591038703918,0.8595135807991028,0.949999988079071,0.8824999928474426
0.7814816951751709,0.8565861582756042,0.9591666460037231,0.887499988079071
0.778013265132904,0.8653304278850555,0.9627777934074402,0.8799999952316284
0.7773790955543518,0.8492405712604523,0.964722216129303,0.8974999785423279
0.775816535949707,0.8505461513996124,0.9680555462837219,0.8924999833106995
0.776151716709137,0.8552389144897461,0.9674999713897705,0.887499988079071
0.7785547137260437,0.8478428721427917,0.9663888812065125,0.8949999809265137
0.7820212960243225,0.8734593987464905,0.9583333134651184,0.8675000071525574
0.7802024364471436,0.8607797622680664,0.9680555462837219,0.8799999952316284
0.777187705039978,0.8568596839904785,0.9655555486679077,0.887499988079071
0.7924960613250732,0.898536890745163,0.9544444680213928,0.8450000286102295
0.8054202675819397,0.8604519665241241,0.9383333325386047,0.8849999904632568
0.7912319779396058,0.9028376936912537,0.9508333206176758,0.8399999737739563
0.7860452055931091,0.8510960340499878,0.9561111330986023,0.8899999856948853
0.7870742797851562,0.8652665317058563,0.956944465637207,0.8774999976158142
0.7800295948982239,0.8709917068481445,0.9605555534362793,0.8725000023841858
0.778823173046112,0.8567200601100922,0.9661111235618591,0.8824999928474426
0.7735167860984802,0.8371816873550415,0.971666693687439,0.9075000286102295
0.7740086078643799,0.8486635386943817,0.9669444561004639,0.8949999809265137
0.7825630307197571,0.8500604033470154,0.9624999761581421,0.8899999856948853
0.7733507275581359,0.8580130040645599,0.9683333039283752,0.8799999952316284
0.7731775045394897,0.8664652705192566,0.9683333039283752,0.8774999976158142
0.7820917010307312,0.8558293581008911,0.9605555534362793,0.8824999928474426
0.7794615983963012,0.8829398155212402,0.9630555510520935,0.8600000143051147
0.7748605132102966,0.8663166761398315,0.9700000286102295,0.875
0.7726441621780396,0.8374530076980591,0.9686111211776733,0.9075000286102295
0.7845171332359314,0.8761810958385468,0.9572222232818604,0.8675000071525574
0.7874574065208435,0.8535423278808594,0.9619444608688354,0.887499988079071
0.7757582187652587,0.8569945394992828,0.9683333039283752,0.887499988079071
0.7806929349899292,0.8567324876785278,0.9624999761581421,0.8824999928474426
0.7810297966003418,0.8615530729293823,0.9669444561004639,0.8799999952316284
0.7726653814315796,0.8532487154006958,0.9713888764381409,0.887499988079071
0.7711454391479492,0.8651767671108246,0.9705555438995361,0.8774999976158142
0.7711955070495605,0.8606590330600739,0.9719444513320923,0.8849999904632568
0.7713429689407348,0.8587508797645569,0.9705555438995361,0.8849999904632568
0.7770376563072204,0.8582682609558105,0.9663888812065125,0.887499988079071
0.7754051685333252,0.857719212770462,0.9683333039283752,0.8849999904632568
0.7704717516899109,0.8564255833625793,0.9725000262260437,0.8849999904632568
0.7705199956893921,0.8676236271858215,0.9719444513320923,0.875
0.7693320631980896,0.8598192632198334,0.9736111164093018,0.8799999952316284
0.7725225448608398,0.8557564616203308,0.9697222113609314,0.8899999856948853
0.7786996006965637,0.8711113631725311,0.965833306312561,0.8725000023841858
0.7794381022453308,0.872438371181488,0.9686111211776733,0.8725000023841858
0.7980859160423279,0.9118096828460693,0.9491666555404663,0.8274999856948853
0.7926450371742249,0.8659468591213226,0.948888897895813,0.875
0.7747568011283874,0.8550477623939514,0.9686111211776733,0.8849999904632568
0.7832748174667359,0.8917286992073059,0.9586111307144165,0.8525000214576721
0.7767443418502807,0.8448951840400696,0.965833306312561,0.9024999737739563
0.7870943069458007,0.8908718824386597,0.956944465637207,0.8525000214576721
0.785174298286438,0.8531254529953003,0.9561111330986023,0.887499988079071
0.7891584873199463,0.879554957151413,0.9563888907432556,0.862500011920929
0.8024686336517334,0.8603407740592957,0.9394444227218628,0.8824999928474426
0.776960802078247,0.8501718938350677,0.9661111235618591,0.8949999809265137
0.7964403629302979,0.8682940304279327,0.945555567741394,0.875
0.7982798337936401,0.8683085739612579,0.9427777528762817,0.875
0.7880134582519531,0.8671869039535522,0.9538888931274414,0.8774999976158142
0.7868026256561279,0.8829956948757172,0.9561111330986023,0.8575000166893005
0.7791610360145569,0.8442910313606262,0.965833306312561,0.8999999761581421
0.7721091747283936,0.8350799083709717,0.9694444537162781,0.9100000262260437
0.7847822785377503,0.857899010181427,0.961388885974884,0.8849999904632568
0.7861792564392089,0.8639471530914307,0.9574999809265137,0.8799999952316284
0.7807315826416016,0.8671231865882874,0.9641666412353516,0.8774999976158142
0.7839747071266174,0.8411292135715485,0.9591666460037231,0.9024999737739563
0.7854417443275452,0.8646162450313568,0.9588888883590698,0.8799999952316284
0.775969922542572,0.8504765927791595,0.9683333039283752,0.8899999856948853
0.7759202241897583,0.8571625351905823,0.9652777910232544,0.887499988079071
0.7747645735740661,0.8417656421661377,0.9669444561004639,0.8999999761581421
0.792799961566925,0.8780912160873413,0.9477777481079102,0.8650000095367432
0.7762885808944702,0.8403823673725128,0.9661111235618591,0.9024999737739563
0.7899004340171814,0.8714498579502106,0.9522222280502319,0.8725000023841858
0.7881016492843628,0.8332118093967438,0.9544444680213928,0.9100000262260437
0.7905616879463195,0.8798730075359344,0.95333331823349,0.8600000143051147
0.7861017227172852,0.8404709696769714,0.9591666460037231,0.9049999713897705
0.7876083135604859,0.8898577094078064,0.9549999833106995,0.8525000214576721
0.7747759461402893,0.8388946652412415,0.9686111211776733,0.9049999713897705
0.8019166946411133,0.8883931338787079,0.9436110854148865,0.8550000190734863
0.777815580368042,0.8562802970409393,0.9691666960716248,0.887499988079071
0.7805356740951538,0.8709197342395782,0.9641666412353516,0.8700000047683716
0.7743907690048217,0.8461258113384247,0.9702777862548828,0.8949999809265137
0.7710828900337219,0.855158269405365,0.9697222113609314,0.887499988079071
0.7947966575622558,0.8736012279987335,0.9466666579246521,0.8700000047683716
0.7858684897422791,0.873322069644928,0.9563888907432556,0.8725000023841858
0.7786333680152893,0.8400062322616577,0.9636111259460449,0.8999999761581421
0.8068252563476562,0.8886579871177673,0.9427777528762817,0.8550000190734863
0.7913491606712342,0.8862830102443695,0.9561111330986023,0.8550000190734863
0.784872031211853,0.8581600189208984,0.9588888883590698,0.8849999904632568
0.7760693430900574,0.8580471575260162,0.9661111235618591,0.8849999904632568
0.7748470425605773,0.854665070772171,0.9711111187934875,0.8899999856948853
0.7700337409973145,0.8375100493431091,0.9730555415153503,0.9049999713897705
0.7711921334266663,0.8607217967510223,0.9700000286102295,0.8824999928474426
0.7733535885810852,0.8432924747467041,0.9708333611488342,0.9024999737739563
0.7791960000991821,0.8426173627376556,0.9661111235618591,0.8999999761581421
0.7705288171768189,0.853755533695221,0.9705555438995361,0.8849999904632568
0.7747156262397766,0.8464110791683197,0.9674999713897705,0.8974999785423279
0.7871777176856994,0.8688310980796814,0.9563888907432556,0.875
0.7746582150459289,0.8393220603466034,0.9674999713897705,0.9075000286102295
0.7984676599502564,0.8813690543174744,0.9466666579246521,0.862500011920929
0.7790747046470642,0.8589597642421722,0.9633333086967468,0.8849999904632568
0.7865330338478088,0.8832381665706635,0.9580555558204651,0.8600000143051147
0.7892350554466248,0.8424873650074005,0.9522222280502319,0.8999999761581421
0.7827356576919555,0.8589937686920166,0.9594444632530212,0.8849999904632568
0.7767856121063232,0.8458541035652161,0.9708333611488342,0.8974999785423279
0.772252082824707,0.839952826499939,0.9713888764381409,0.9024999737739563
0.7734354853630065,0.8542207479476929,0.9694444537162781,0.887499988079071
0.770682942867279,0.8366368114948273,0.9736111164093018,0.9049999713897705
0.7705257415771485,0.8450167775154114,0.9736111164093018,0.8974999785423279
0.7719199657440186,0.8390085399150848,0.9711111187934875,0.9075000286102295
0.7825938701629639,0.8722957968711853,0.9591666460037231,0.8700000047683716
0.7768392205238343,0.8528380393981934,0.9641666412353516,0.8899999856948853
0.7742902994155884,0.8643171191215515,0.9694444537162781,0.8799999952316284
0.7738932967185974,0.8668685853481293,0.9686111211776733,0.875
0.7770670056343079,0.8442116379737854,0.9686111211776733,0.9024999737739563
0.7723913073539734,0.839456170797348,0.9705555438995361,0.8999999761581421
0.7707907676696777,0.8444475531578064,0.971666693687439,0.8974999785423279
0.7768036603927613,0.8358871638774872,0.9708333611488342,0.9075000286102295
0.7776373505592347,0.8564530909061432,0.9691666960716248,0.8899999856948853
0.7726653099060059,0.8582552969455719,0.9702777862548828,0.887499988079071
0.7718770027160644,0.8389794826507568,0.9697222113609314,0.9024999737739563
0.7830340027809143,0.8526139259338379,0.9594444632530212,0.8924999833106995
0.8022412419319153,0.8597113490104675,0.9416666626930237,0.8824999928474426
0.7817201972007751,0.854299396276474,0.9608333110809326,0.8849999904632568
0.7792248129844666,0.8631442487239838,0.9652777910232544,0.8799999952316284
0.7746060848236084,0.8453896343708038,0.9677777886390686,0.8974999785423279
0.7769221186637878,0.8316701054573059,0.9652777910232544,0.9125000238418579
0.79308602809906,0.889997273683548,0.9486111402511597,0.8550000190734863
0.7820985436439514,0.8458718955516815,0.9608333110809326,0.8999999761581421
0.7767822265625,0.8578033447265625,0.9652777910232544,0.8849999904632568
0.7823987603187561,0.8381078243255615,0.9597222208976746,0.9024999737739563
0.7848984241485596,0.8605072498321533,0.9580555558204651,0.8799999952316284
0.7758506894111633,0.8455933928489685,0.9669444561004639,0.8974999785423279
0.7902397990226746,0.8613948822021484,0.9527778029441833,0.8824999928474426
0.7783835411071778,0.8640207648277283,0.9638888835906982,0.8799999952316284
0.7772179841995239,0.8511967957019806,0.9641666412353516,0.8899999856948853
0.7752928018569947,0.8538645207881927,0.9694444537162781,0.887499988079071
0.7787007093429565,0.8497959971427917,0.9677777886390686,0.8924999833106995
0.7773142218589782,0.8693076074123383,0.9641666412353516,0.875
0.7748125910758972,0.83765509724617,0.9697222113609314,0.9024999737739563
0.7864954471588135,0.8681516051292419,0.9558333158493042,0.875
0.7733856081962586,0.8418576717376709,0.971666693687439,0.8999999761581421
0.7709140777587891,0.8485448360443115,0.9702777862548828,0.8924999833106995
0.7747504711151123,0.8648321330547333,0.9700000286102295,0.8774999976158142
0.7788152694702148,0.8655053675174713,0.9627777934074402,0.8774999976158142
0.7795627236366272,0.8508104383945465,0.9641666412353516,0.8924999833106995
0.7954550147056579,0.866215169429779,0.949999988079071,0.8774999976158142
0.7737244725227356,0.8489691019058228,0.9674999713897705,0.8924999833106995
0.7775887608528137,0.8510370254516602,0.9702777862548828,0.8924999833106995
0.7753146648406982,0.8379402756690979,0.9702777862548828,0.9049999713897705
0.7715655088424682,0.8351090550422668,0.9733333587646484,0.9075000286102295
0.7686561346054077,0.8521983325481415,0.9733333587646484,0.8899999856948853
0.7686949968338013,0.8449418246746063,0.9733333587646484,0.8974999785423279
0.7689224481582642,0.8438643515110016,0.9730555415153503,0.8974999785423279
0.7742719531059266,0.8515202105045319,0.9674999713897705,0.8899999856948853
0.7760192513465881,0.8717489242553711,0.9672222137451172,0.8725000023841858
0.7803666710853576,0.8581183552742004,0.9619444608688354,0.8849999904632568
0.7765339970588684,0.8725670874118805,0.9663888812065125,0.8725000023841858
0.7683758497238159,0.840255856513977,0.972777783870697,0.8999999761581421
0.7691291451454163,0.830982506275177,0.9730555415153503,0.9100000262260437
0.7698547840118408,0.8330809473991394,0.9744444489479065,0.9125000238418579
0.7715310454368591,0.8299051225185394,0.9750000238418579,0.9150000214576721
0.7671376943588257,0.8340417444705963,0.9747222065925598,0.9100000262260437
0.7679285287857056,0.8609151840209961,0.9747222065925598,0.8824999928474426
0.7731143236160278,0.8437538146972656,0.9736111164093018,0.8999999761581421
0.770600152015686,0.8404678404331207,0.9736111164093018,0.9024999737739563
0.767722201347351,0.8406197726726532,0.9758333563804626,0.9024999737739563
0.8009777545928956,0.8467878103256226,0.9422222375869751,0.8974999785423279
0.7870320081710815,0.8818419873714447,0.9577777981758118,0.862500011920929
0.7682280898094177,0.8410740792751312,0.9733333587646484,0.8999999761581421
0.784200382232666,0.8652186691761017,0.9597222208976746,0.8774999976158142
0.7704121589660644,0.8494393527507782,0.9738888740539551,0.8924999833106995
0.7715616106987,0.8480865061283112,0.9741666913032532,0.8949999809265137
0.7689797401428222,0.8479179441928864,0.9750000238418579,0.8949999809265137
0.7677528858184814,0.8451299071311951,0.9741666913032532,0.8999999761581421
0.7692788481712342,0.8433333337306976,0.9744444489479065,0.9024999737739563
0.7692450046539306,0.8425691723823547,0.9758333563804626,0.8999999761581421
0.7709529161453247,0.8448875844478607,0.9755555391311646,0.8974999785423279
0.7725339412689209,0.8455053865909576,0.9708333611488342,0.8974999785423279
0.7697266101837158,0.8422446846961975,0.9758333563804626,0.9024999737739563
0.7683986902236939,0.8423979580402374,0.9747222065925598,0.9024999737739563
0.7673724532127381,0.8493599891662598,0.9752777814865112,0.8949999809265137
0.7704454660415649,0.8345158994197845,0.9747222065925598,0.9100000262260437
0.7725169658660889,0.8630342483520508,0.972777783870697,0.8774999976158142
0.7683102011680603,0.844415932893753,0.9747222065925598,0.9024999737739563
0.7684418320655823,0.8474193215370178,0.9747222065925598,0.8949999809265137
0.7721680998802185,0.8622587025165558,0.9744444489479065,0.8799999952316284
0.7686716198921204,0.8447646498680115,0.9758333563804626,0.8999999761581421
0.7679295897483825,0.8512584567070007,0.9752777814865112,0.8924999833106995
0.7669925093650818,0.8531374037265778,0.9758333563804626,0.8899999856948853
0.7680296778678894,0.8501318097114563,0.9758333563804626,0.8949999809265137
0.7674393892288208,0.8439222276210785,0.9736111164093018,0.8974999785423279
0.768330991268158,0.8475708961486816,0.9755555391311646,0.8974999785423279
0.7662878513336182,0.8411325216293335,0.9752777814865112,0.9024999737739563
0.7669583916664123,0.8505091071128845,0.9747222065925598,0.8924999833106995
0.7679316163063049,0.8402436971664429,0.9752777814865112,0.9024999737739563
0.7672520041465759,0.8404675722122192,0.9750000238418579,0.9024999737739563
0.7674202680587768,0.839556872844696,0.9758333563804626,0.9049999713897705
0.7706786632537842,0.8404731750488281,0.9758333563804626,0.9024999737739563
0.7697048425674439,0.8420296609401703,0.9741666913032532,0.8974999785423279
0.7674270153045655,0.8415822982788086,0.9758333563804626,0.9049999713897705
0.7659469604492187,0.8394544124603271,0.9758333563804626,0.9024999737739563
0.7681693077087403,0.8414621651172638,0.9758333563804626,0.9024999737739563
0.7800410270690918,0.8442747294902802,0.9630555510520935,0.8974999785423279
0.7862311363220215,0.889014482498169,0.9572222232818604,0.8525000214576721
0.776012372970581,0.8558746576309204,0.9655555486679077,0.8849999904632568
0.7751287221908569,0.8558317422866821,0.9683333039283752,0.887499988079071
0.7690686464309693,0.8400731980800629,0.9741666913032532,0.9024999737739563
0.7666589498519898,0.8395271301269531,0.9750000238418579,0.9049999713897705
0.7705231070518493,0.8449147641658783,0.971666693687439,0.8974999785423279
0.7819123983383178,0.8943960070610046,0.9605555534362793,0.8500000238418579
0.7717144012451171,0.8455873131752014,0.9719444513320923,0.8974999785423279
0.7676251173019409,0.8470830023288727,0.9750000238418579,0.8949999809265137
0.7774911642074585,0.8315512835979462,0.9655555486679077,0.9125000238418579
0.7900830388069153,0.871464729309082,0.9549999833106995,0.8700000047683716
0.7696752905845642,0.8459855020046234,0.9719444513320923,0.8999999761581421
0.774658739566803,0.8608308434486389,0.9680555462837219,0.8824999928474426
0.7682035326957702,0.8408252596855164,0.9736111164093018,0.9024999737739563
0.775277602672577,0.8431889712810516,0.9686111211776733,0.8999999761581421
0.7779329061508179,0.824960470199585,0.9633333086967468,0.9175000190734863
0.7743428349494934,0.8421080112457275,0.9700000286102295,0.9024999737739563
0.7684325456619263,0.831444501876831,0.9736111164093018,0.9125000238418579
0.7716846108436585,0.8339020311832428,0.9711111187934875,0.9075000286102295
0.76957186460495,0.8437342941761017,0.9747222065925598,0.8999999761581421
0.7675541043281555,0.8644819259643555,0.9736111164093018,0.8774999976158142
0.7783242583274841,0.8361956179141998,0.965833306312561,0.9075000286102295
0.7927008271217346,0.8677309155464172,0.949999988079071,0.8774999976158142
0.7680948495864868,0.8275897800922394,0.9738888740539551,0.9150000214576721
0.7782398939132691,0.8629656136035919,0.9663888812065125,0.8799999952316284
0.7701621413230896,0.8332377076148987,0.972777783870697,0.9125000238418579
0.7684931039810181,0.8395257890224457,0.9733333587646484,0.9024999737739563
0.7739214301109314,0.8389430046081543,0.9688888788223267,0.9049999713897705
0.7690024971961975,0.8507435023784637,0.9747222065925598,0.8899999856948853
0.7803530335426331,0.8653806149959564,0.9644444584846497,0.8774999976158142
0.8038621783256531,0.8558265268802643,0.9411110877990723,0.887499988079071
0.7913347601890564,0.8534421622753143,0.9494444727897644,0.8899999856948853
0.7912110209465026,0.8546552658081055,0.9511111378669739,0.887499988079071
0.7765191555023193,0.8535870015621185,0.9677777886390686,0.8924999833106995
0.7771741032600403,0.8684051632881165,0.9633333086967468,0.875
0.7753324985504151,0.846753865480423,0.9705555438995361,0.8974999785423279
0.7756453275680542,0.8701532185077667,0.9686111211776733,0.875
0.7747111082077026,0.8550285398960114,0.9666666388511658,0.887499988079071
0.7731407403945922,0.8782668113708496,0.9694444537162781,0.862500011920929
0.7738544940948486,0.8482825458049774,0.9691666960716248,0.8924999833106995
0.7752451181411744,0.8422216773033142,0.9697222113609314,0.8974999785423279
0.774130380153656,0.8406442403793335,0.9700000286102295,0.9024999737739563
0.77237309217453,0.854864239692688,0.9708333611488342,0.887499988079071
0.7761894106864929,0.8693622350692749,0.9686111211776733,0.875
0.778075098991394,0.8398483395576477,0.9688888788223267,0.9049999713897705
0.771836805343628,0.8503944873809814,0.9713888764381409,0.8924999833106995
0.7759882211685181,0.8675377070903778,0.9680555462837219,0.875
0.7746874451637268,0.8602159321308136,0.9697222113609314,0.8824999928474426
0.774420690536499,0.8644361197948456,0.9677777886390686,0.8799999952316284
0.7799256205558777,0.8503778874874115,0.9633333086967468,0.8924999833106995
0.79153071641922,0.8578125536441803,0.9513888955116272,0.8849999904632568
0.7845655798912048,0.8622788488864899,0.9577777981758118,0.8774999976158142
0.7764675378799438,0.8623854517936707,0.9661111235618591,0.8799999952316284
0.7868380427360535,0.8668818771839142,0.9583333134651184,0.875
0.7752292633056641,0.8642451465129852,0.9677777886390686,0.8774999976158142
0.8255556225776672,0.9267365634441376,0.914722204208374,0.8174999952316284
0.8116038799285888,0.8712083101272583,0.9338889122009277,0.8700000047683716
0.7800286650657654,0.8650878965854645,0.9633333086967468,0.8774999976158142
0.7716465353965759,0.8528087735176086,0.9713888764381409,0.8899999856948853
0.7722183227539062,0.8373188078403473,0.9697222113609314,0.9049999713897705
0.7705054879188538,0.8462331593036652,0.9713888764381409,0.8974999785423279
0.7706379771232605,0.8261180818080902,0.972777783870697,0.9175000190734863
0.7769121646881103,0.8476626574993134,0.9636111259460449,0.8924999833106995
0.7678386926651001,0.837808758020401,0.9744444489479065,0.9049999713897705
0.7697749733924866,0.8359579145908356,0.9738888740539551,0.9075000286102295
0.7706733345985413,0.8382943272590637,0.972777783870697,0.9024999737739563
0.7792754769325256,0.8494736850261688,0.9711111187934875,0.8924999833106995
0.7727335810661315,0.8330205976963043,0.9752777814865112,0.9100000262260437
0.765338408946991,0.8409372568130493,0.9769444465637207,0.9024999737739563
0.7735888600349426,0.8473062515258789,0.9730555415153503,0.8949999809265137
0.7691053032875061,0.8504675328731537,0.9741666913032532,0.8924999833106995
0.7646501779556274,0.8374159932136536,0.9766666889190674,0.9049999713897705
0.7693197369575501,0.8364919424057007,0.9752777814865112,0.9049999713897705
0.7673548221588135,0.8453098833560944,0.9750000238418579,0.8949999809265137
0.7696112513542175,0.8428473472595215,0.9741666913032532,0.8999999761581421
0.7680736303329467,0.8454018235206604,0.9738888740539551,0.8974999785423279
0.7735165357589722,0.8416885137557983,0.9702777862548828,0.8999999761581421
0.7728740930557251,0.836976021528244,0.9702777862548828,0.9075000286102295
0.7737789154052734,0.8575923442840576,0.9691666960716248,0.8849999904632568
0.7861922264099122,0.8643487691879272,0.9597222208976746,0.8799999952316284
0.766965639591217,0.8421260118484497,0.9744444489479065,0.9024999737739563
0.7742297530174256,0.8477003574371338,0.9666666388511658,0.8949999809265137
0.7703228116035461,0.8279565572738647,0.9719444513320923,0.9175000190734863
0.7711673140525818,0.8599920272827148,0.9708333611488342,0.8849999904632568
0.7733166456222534,0.8596747517585754,0.9680555462837219,0.8849999904632568
0.7729183673858643,0.8266187310218811,0.9702777862548828,0.9175000190734863
0.7777860641479493,0.8511443436145782,0.9649999737739563,0.8899999856948853
0.7851954102516174,0.839459240436554,0.9597222208976746,0.9049999713897705
0.7799673438072204,0.8400111794471741,0.9661111235618591,0.9049999713897705
0.7758163571357727,0.8340734839439392,0.9674999713897705,0.9100000262260437
0.7708719134330749,0.8592893183231354,0.9702777862548828,0.8849999904632568
0.7743643999099732,0.8434686958789825,0.9702777862548828,0.8999999761581421
0.7714998126029968,0.8484241962432861,0.9719444513320923,0.8924999833106995
0.7699662446975708,0.8372972011566162,0.971666693687439,0.9049999713897705
0.7686553478240967,0.8382146656513214,0.9733333587646484,0.9049999713897705
